site,sample_id,lat,long,date,time,water_level_m,rn_bq_m3,advection_rate_cm_day,co_sst,salinity,temperature,do_sat,ta_umol_kg_corrected,dic_umol_kg_corrected,din,po4,p_co_in_uatm,omega_aragonite,revelle_in,do_predicted_mg_l,aou_umol_l,equilibrium_dic,equilibrium_co2,excess_dic_umol_kg,excess_co2_umol_kg,do_mg_l,nh4_u_m,nox_u_m,p_h_in,datetime,tz,sunrise,sunset,DayNight,Time_Space
Lizard Island,LI_WTS_1,-14.663874,145.451558,16/09/2017,10:30,1.2,11.64737389,13.2281732,387.878274,35.78,24.9,99.4,2309.780584,2021.410634,1.9949,0.369425,402.702179,3.337235597,9.893648314,6.736072453,46.06023586,2005.572632,11.3031379,15.83800203,0.236233966,8.21,1.348,0.6469,8.038986206,2011-10-09T12:00:00Z,Australia/Brisbane,2011-10-09T05:25:55Z,2011-10-09T17:55:28Z,day,Time Series
Lizard Island,LI_WTS_2,-14.663874,145.451558,16/09/2017,11:30,0.96,14.90179624,13.37164058,391.1909534,35.82,25.9,102.2,2313.749137,2017.967038,2.0959,0.349425,405.6913452,3.438808758,9.755998759,6.621387255,47.14414827,2000.168945,11.02197117,17.79809228,0.314874914,8.13,1.428,0.6679,8.036245346,2011-10-09T13:05:00Z,Australia/Brisbane,2011-10-09T05:25:55Z,2011-10-09T17:55:28Z,day,Time Series
Lizard Island,LI_WTS_3,-14.663874,145.451558,16/09/2017,12:30,0.94,15.81453156,13.61857273,391.5961036,35.78,26.4,104,2312.005445,2003.368544,1.9909,0.383425,388.4885559,3.584554996,9.525969093,6.567631168,54.76152601,1994.723022,10.8893184,8.645521533,-0.166712952,8.32,1.318,0.6729,8.050840378,2011-10-09T14:04:00Z,Australia/Brisbane,2011-10-09T05:25:55Z,2011-10-09T17:55:28Z,day,Time Series
Lizard Island,LI_WTS_4,-14.663874,145.451558,16/09/2017,13:30,1.18,13.3558526,2.824686436,394.4932108,35.74,26,103.8,2308.406087,2002.289354,1.8099,0.411425,385.6845703,3.546821923,9.563926813,6.613260196,56.14811888,1995.398438,10.99929341,6.890916779,-0.248268971,8.41,1.158,0.6519,8.053177834,2011-10-09T15:00:00Z,Australia/Brisbane,2011-10-09T05:25:55Z,2011-10-09T17:55:28Z,day,Time Series
Lizard Island,LI_WTS_5,-14.663874,145.451558,16/09/2017,14:30,1.63,9.160607233,6.274874387,388.6393169,35.77,25.7,104.1,2312.595268,2020.380498,1.8579,0.331425,409.0101929,3.396716925,9.818749198,6.645611001,58.26215623,2001.222168,11.07962259,19.15833026,0.407060526,8.51,1.228,0.6299,8.033331871,2011-10-09T16:05:00Z,Australia/Brisbane,2011-10-09T05:25:55Z,2011-10-09T17:55:28Z,day,Time Series
Lizard Island,LI_WTS_6,-14.663874,145.451558,16/09/2017,15:30,2.13,8.459057039,18.25839709,385.8394672,35.74,25.5,104.3,2317.946499,2011.246629,1.7289,0.432425,380.0905457,3.548801332,9.585252708,6.669239548,58.77376411,2007.315918,11.1366425,3.930710946,-0.408618427,8.55,1.188,0.5409,8.060296059,2011-10-09T17:03:00Z,Australia/Brisbane,2011-10-09T05:25:55Z,2011-10-09T17:55:28Z,day,Time Series
Lizard Island,LI_WTS_7,-14.663874,145.451558,16/09/2017,16:30,2.64,9.146309376,28.41977895,379.5878003,35.68,24.9,104.7,2316.236947,2055.473786,1.8789,0.390425,464.7868652,3.053959352,10.45412014,6.739912297,60.00274071,2011.353149,11.30902358,44.12063619,2.009375592,8.66,1.228,0.6509,7.988589287,2011-10-09T18:07:00Z,Australia/Brisbane,2011-10-09T05:25:55Z,2011-10-09T17:55:28Z,night,Time Series
Lizard Island,LI_WTS_8,-14.663874,145.451558,16/09/2017,17:30,3.03,7.125918188,0,371.2557842,35.61,24.9,107.1,2312.386572,2003.888517,1.8469,0.374425,366.2079163,3.54973851,9.55086448,6.742601491,66.7937034,2008.627197,11.31314542,-4.738680045,-0.819511187,8.88,1.218,0.6289,8.073019028,2011-10-09T19:15:00Z,Australia/Brisbane,2011-10-09T05:25:55Z,2011-10-09T17:55:28Z,night,Time Series
Lizard Island,LI_WTS_9,-14.663874,145.451558,16/09/2017,18:30,3.23,8.590131047,32.99345692,360.2407581,35.76,24.3,107.6,2310.674237,2002.505192,1.9529,0.347425,357.6159668,3.531029851,9.561318839,6.806535156,69.17077638,2011.444946,11.47766667,-8.939754067,-1.072367047,9.02,1.248,0.7049,8.081607819,2011-10-09T20:11:00Z,Australia/Brisbane,2011-10-09T05:25:55Z,2011-10-09T17:55:28Z,night,Time Series
Lizard Island,LI_WTS_10,-14.663874,145.451558,16/09/2017,19:30,3.08,12.6973288,21.3013129,365.2120591,35.86,24.6,104.5,2315.366127,2007.930573,1.9569,0.435425,364.7431946,3.532961102,9.581234517,6.767651872,61.94837899,2012.122681,11.38447273,-4.19210742,-0.852835931,8.75,1.268,0.6889,8.075151443,2011-10-09T21:01:00Z,Australia/Brisbane,2011-10-09T05:25:55Z,2011-10-09T17:55:28Z,night,Time Series
Lizard Island,LI_WTS_11,-14.663874,145.451558,16/09/2017,20:30,2.75,9.814088194,0,368.3418023,35.82,24.5,103.8,2317.303735,2013.355954,1.8179,0.377425,369.841095,3.49688313,9.644783709,6.780826853,59.97416085,2014.812256,11.41579261,-1.456301592,-0.709689214,8.7,1.248,0.5699,8.070672035,2011-10-09T22:00:00Z,Australia/Brisbane,2011-10-09T05:25:55Z,2011-10-09T17:55:28Z,night,Time Series
Lizard Island,LI_WTS_12,-14.663874,145.451558,16/09/2017,21:30,2.32,9.978894013,12.78767265,372.5765071,35.83,24.4,103.4,2314.581444,2005.026572,1.8469,0.392425,357.7551575,3.551707861,9.54575731,6.792104968,58.68421975,2013.36499,11.44426547,-8.338418405,-1.061528132,8.67,1.268,0.5789,8.082028389,2011-10-09T23:04:00Z,Australia/Brisbane,2011-10-09T05:25:55Z,2011-10-09T17:55:28Z,night,Time Series
Lizard Island,LI_WTS_13,-14.663874,145.451558,16/09/2017,22:30,1.87,12.19831015,18.48718785,0,35.87,24.3,102.2,2314.89428,2020.203904,2.0729,0.400425,383.1678467,3.391737742,9.804445885,6.80225113,56.1796522,2014.228394,11.47106295,5.975509996,-0.32229819,8.6,1.298,0.7749,8.057882309,2011-10-10T10:08:00Z,Australia/Brisbane,2011-10-10T05:24:58Z,2011-10-10T17:55:52Z,day,Time Series
Lizard Island,LI_WTS_14,-14.663874,145.451558,16/09/2017,23:30,1.42,13.24777089,11.438093,0,35.92,24,101.1,2310.319114,2004.712626,1.9419,0.355425,357.4689941,3.498265774,9.606624192,6.835619909,53.57437786,2012.770386,11.55638202,-8.057760012,-1.074874167,8.55,1.298,0.6439,8.081961632,2011-10-10T11:11:00Z,Australia/Brisbane,2011-10-10T05:24:58Z,2011-10-10T17:55:52Z,day,Time Series
Lizard Island,LI_WTS_15,-14.663874,145.451558,17/09/2017,0:30,1.17,11.14525259,5.596765454,0,35.94,23.8,100,2312.559949,2005.438626,2.1249,0.437425,352.9735107,3.509296788,9.591695526,6.858568717,50.66972759,2016.079834,11.61469836,-10.6412079,-1.211432536,8.48,1.338,0.7869,8.086918831,2011-10-10T11:56:00Z,Australia/Brisbane,2011-10-10T05:24:58Z,2011-10-10T17:55:52Z,day,Time Series
Lizard Island,LI_WTS_16,-14.663874,145.451558,17/09/2017,1:30,1.19,15.12788845,32.40491056,0,35.99,23.5,98.1,2338.21714,2052.893541,2.1649,0.421425,396.3792114,3.291114407,10.05033013,6.892477665,47.11007296,2039.282349,11.70190758,13.61119247,0.071910891,8.4,1.418,0.7469,8.050082207,2011-10-10T13:04:00Z,Australia/Brisbane,2011-10-10T05:24:58Z,2011-10-10T17:55:52Z,day,Time Series
Lizard Island,LI_WTS_17,-14.663874,145.451558,17/09/2017,2:30,1.42,17.49590471,11.5147312,0,35.85,23.4,96.3,2341.272533,2057.367273,2.1959,0.416425,398.7992249,3.274653101,10.0885252,6.910087325,41.55977109,2043.395508,11.74092376,13.9717652,0.135651394,8.24,1.338,0.8579,8.048434258,2011-10-10T14:16:00Z,Australia/Brisbane,2011-10-10T05:24:58Z,2011-10-10T17:55:52Z,day,Time Series
Lizard Island,LI_WTS_18,-14.663874,145.451558,17/09/2017,3:30,1.79,11.61168829,0,0,35.97,23.9,98.5,2325.217697,2009.107871,1.9779,0.354425,343.2921448,3.614935774,9.474890234,6.845503839,45.45300502,2025.484375,11.58304361,-16.37650388,-1.49122847,8.3,1.328,0.6499,8.098635674,2011-10-10T14:50:00Z,Australia/Brisbane,2011-10-10T05:24:58Z,2011-10-10T17:55:52Z,day,Time Series
Lizard Island,LI_WTS_19,-14.663874,145.451558,17/09/2017,4:30,2.19,13.64456578,29.79269798,0,35.88,24.3,96.5,2311.144874,2015.092469,1.7629,0.400425,378.875061,3.407425985,9.766657971,6.801861807,41.19181855,2011.119141,11.47046268,3.973328002,-0.446601561,8.12,1.278,0.4849,8.061330795,2011-10-10T01:03:00Z,Australia/Brisbane,2011-10-10T05:24:58Z,2011-10-10T17:55:52Z,night,Time Series
Lizard Island,LI_WTS_20,-14.663874,145.451558,17/09/2017,5:30,2.46,10.66078968,4.371789537,0,35.85,24.3,98.3,2320.199388,2032.202531,1.9749,0.388425,397.5405579,3.326362737,9.938293763,6.803029843,45.21781741,2018.670288,11.47226337,13.53224293,0.094695553,8.25,1.308,0.6669,8.045660019,2011-10-10T02:04:00Z,Australia/Brisbane,2011-10-10T05:24:58Z,2011-10-10T17:55:52Z,night,Time Series
Lizard Island,LI_WTS_21,-14.663874,145.451558,17/09/2017,6:30,2.61,12.5158953,78.75100387,0,35.91,24,93.8,2318.584382,2078.440905,1.8489,0.374425,499.8508301,2.82628076,10.93810683,6.836012015,36.06212453,2019.548828,11.55698805,58.89207678,3.099361452,7.99,1.238,0.6109,7.962841988,2011-10-10T03:02:00Z,Australia/Brisbane,2011-10-10T05:24:58Z,2011-10-10T17:55:52Z,night,Time Series
Lizard Island,LI_WTS_22,-14.663874,145.451558,17/09/2017,7:30,2.56,20.46291786,95.43895448,0,35.87,24.3,91.3,2323.067596,2036.107236,1.9799,0.410425,400.6541138,3.316636465,9.965772558,6.80225113,28.0546522,2020.874756,11.47106296,15.23247977,0.186487974,7.7,1.268,0.7119,8.043329239,2011-10-10T04:05:00Z,Australia/Brisbane,2011-10-10T05:24:58Z,2011-10-10T17:55:52Z,night,Time Series
Lizard Island,LI_WTS_23,-14.663874,145.451558,17/09/2017,8:30,2.25,11.84660827,0,0,35.89,24.4,98.6,2332.233997,2020.920093,1.9849,0.370425,360.6177979,3.579645797,9.563687643,6.789774535,36.88204578,2027.418701,11.4406766,-6.498608083,-0.974860113,7.97,1.318,0.6669,8.081998825,2011-10-10T05:07:00Z,Australia/Brisbane,2011-10-10T05:24:58Z,2011-10-10T17:55:52Z,night,Time Series
Lizard Island,LI_WTS_24,-14.663874,145.451558,17/09/2017,9:30,1.89,10.44024663,56.21861347,0,35.95,24.5,99.2,2336.022115,2030.250179,1.8419,0.361425,372.8832092,3.526696459,9.663314965,6.775790622,48.56904307,2029.327881,11.40804353,0.922297858,-0.613877197,8.33,1.238,0.6039,8.070736885,2011-10-10T00:05:00Z,Australia/Brisbane,2011-10-10T05:24:58Z,2011-10-10T17:55:52Z,night,Time Series
Lizard Island,LI_WTS_25,-14.663874,145.451558,17/09/2017,10:30,1.43,11.13307416,42.57891276,0,35.7,24.9,99.6,2335.412271,2008.85279,1.9179,0.419425,343.5522461,3.753598589,9.325061548,6.739144153,46.90174521,2026.787231,11.30784615,-17.93444154,-1.463408226,8.24,1.248,0.6699,8.099012375,2011-10-10T06:00:00Z,Australia/Brisbane,2011-10-10T05:24:58Z,2011-10-10T17:55:52Z,day,Time Series
Lizard Island,LI_WTS_26,-14.663874,145.451558,17/09/2017,11:30,1.07,13.66209839,51.78964479,0,35.76,26.7,105.2,2339.922317,2010.098763,2.1689,0.425425,365.1593933,3.834165992,9.262479697,6.535629793,58.26156898,2014.716431,10.81087068,-4.617667174,-0.806168222,8.4,1.508,0.6609,8.076607704,2011-10-10T07:07:00Z,Australia/Brisbane,2011-10-10T05:24:58Z,2011-10-10T17:55:52Z,day,Time Series
Lizard Island,LI_WTS_27,-14.663874,145.451558,17/09/2017,12:30,0.86,12.13537089,2.532361556,0,35.76,26.5,105.4,2327.323794,2000.758867,2.0359,0.351425,363.4944763,3.787062381,9.282097772,6.557423356,59.45552012,2006.359863,10.86379973,-5.600996235,-0.855712009,8.46,1.408,0.6279,8.076448441,2011-10-10T08:06:00Z,Australia/Brisbane,2011-10-10T05:24:58Z,2011-10-10T17:55:52Z,day,Time Series
Lizard Island,LI_WTS_28,-14.663874,145.451558,17/09/2017,13:30,0.94,9.686242541,6.765919218,0,35.69,27.5,106.3,2334.765026,2005.779395,2.1799,0.331425,364.474884,2.996557848,10.70688128,6.452331999,63.05212502,2004.175659,10.60747362,1.603735791,4.310727724,8.47,1.588,0.5919,7.925969601,2011-10-10T09:07:00Z,Australia/Brisbane,2011-10-10T05:24:58Z,2011-10-10T17:55:52Z,day,Time Series
Lizard Island,LI_WTS_29,-14.663874,145.451558,17/09/2017,14:30,1.33,12.79294056,26.94909896,418.589958,35.63,26.4,104.5,2323.943392,2000.180029,2.0359,0.367425,365.4552917,3.754466869,9.315950017,6.573187072,55.21290399,2005.212891,10.89771562,-5.032861699,-0.810847647,8.34,1.538,0.4979,8.074168205,2012-03-17T11:24:00Z,Pacific/Rarotonga,2012-03-17T02:43:16Z,2012-03-17T14:53:28Z,day,Time Series
One Tree,OTI_JTS_1,-23.441562,152.091408,15/11/2017,10:00,0.705202273,5.923558413,38.55848989,451.2138402,35.5,25.7,108.9,2326.217287,2163.07808,2.3211,0.9482,2000.80481,0.927925266,16.43061362,6.655785196,69.81921263,2013.188599,11.09510092,149.8894811,44.40273084,8.89,1.6926,0.6285,7.395867825,2012-03-17T13:12:00Z,Pacific/Rarotonga,2012-03-17T02:43:16Z,2012-03-17T14:53:28Z,day,Time Series
One Tree,OTI_JTS_2,-23.441562,152.091408,15/11/2017,11:00,0.439252273,4.974159752,11.40249776,456.7982722,35.8,26.6,116.3,2308.237819,2173.297245,2.3901,1.0372,2531.15918,0.772464061,16.28401646,6.545035559,87.34263877,1989.272217,10.83505396,184.0250286,57.7280695,9.34,1.7426,0.6475,7.296924591,2012-03-17T15:40:00Z,Pacific/Rarotonga,2012-03-17T02:43:16Z,2012-03-17T14:53:28Z,day,Time Series
One Tree,OTI_JTS_3,-23.441562,152.091408,15/11/2017,12:00,0.362577273,4.826697882,20.35218458,465.7682672,35.7,27.1,122.3,2307.729688,2155.448097,2.3441,1.1072,2233.688232,0.880747275,16.28319896,6.494635783,101.4176318,1985.123901,10.70966548,170.3241956,49.09546799,9.74,1.6926,0.6515,7.349161148,2012-03-17T17:25:00Z,Pacific/Rarotonga,2012-03-17T02:43:16Z,2012-03-17T14:53:28Z,day,Time Series
One Tree,OTI_JTS_4,-23.441562,152.091408,15/11/2017,13:00,0.324727273,6.242099019,23.23508087,450.9625392,36,27.1,119.8,2300.220311,2125.714444,2.3031,1.0772,1883.341064,1.018742046,15.98566581,6.483716715,95.50885265,1977.412231,10.6932693,148.3022127,39.65441579,9.54,1.6726,0.6305,7.416611671,2012-03-17T19:15:00Z,Pacific/Rarotonga,2012-03-17T02:43:16Z,2012-03-17T14:53:28Z,night,Time Series
One Tree,OTI_JTS_5,-23.441562,152.091408,15/11/2017,14:00,0.304627273,9.691278819,31.61764527,424.1486597,36,27.1,130.1,2296.827454,2119.342114,2.2891,1.0372,1832.939209,1.039962089,15.92027989,6.483716715,121.1338526,1974.723755,10.6932693,144.6183596,38.30701262,10.36,1.6926,0.5965,7.426978588,2012-03-17T21:15:00Z,Pacific/Rarotonga,2012-03-17T02:43:16Z,2012-03-17T14:53:28Z,night,Time Series
One Tree,OTI_JTS_6,-23.441562,152.091408,15/11/2017,15:00,0.298402273,9.608063564,17.30983996,409.7593369,36,27.1,124.7,2285.645725,2143.200281,2.4031,1.2572,2369.880371,0.822993296,16.21933358,6.483716715,107.3838526,1965.533691,10.6932693,177.6665898,52.66115421,9.92,1.6926,0.7105,7.32037878,2012-03-17T23:25:00Z,Pacific/Rarotonga,2012-03-17T02:43:16Z,2012-03-17T14:53:28Z,night,Time Series
One Tree,OTI_JTS_7,-23.441562,152.091408,15/11/2017,16:00,0.448352273,9.194497682,36.02766168,363.7105326,36.1,26.2,123.8,2281.82284,2168.067641,2.4051,1.0972,2860.976318,0.667925587,15.9856732,6.577734459,107.2582982,1969.596558,10.92492381,198.4710832,67.21494885,10.01,1.6726,0.7325,7.240593433,2012-03-17T07:00:00Z,Pacific/Rarotonga,2012-03-17T02:43:16Z,2012-03-17T14:53:28Z,night,Time Series
One Tree,OTI_JTS_8,-23.441562,152.091408,15/11/2017,17:00,1.016202273,9.282407636,46.77232698,313.7783704,36.1,25.9,127.7,2267.317656,2113.547794,2.4471,1.0072,2067.701172,0.870916328,16.28727794,6.610906223,117.7841805,1960.454956,11.00605342,153.0928378,45.8870192,10.38,1.7126,0.7345,7.371007442,2012-03-17T09:00:00Z,Pacific/Rarotonga,2012-03-17T02:43:16Z,2012-03-17T14:53:28Z,day,Time Series
One Tree,OTI_JTS_9,-23.441562,152.091408,15/11/2017,18:00,1.365502273,6.521531154,3.699064576,283.1350304,36,25.2,108.8,2251.039524,2135.194827,2.2761,1.0272,2671.218262,0.662998438,16.13727987,6.693355759,71.14513252,1953.545776,11.20537132,181.6490507,63.62461038,8.97,1.6326,0.6435,7.261869907,2012-03-18T11:30:00Z,Pacific/Rarotonga,2012-03-18T02:43:35Z,2012-03-18T14:52:33Z,day,Time Series
One Tree,OTI_JTS_10,-23.441562,152.091408,15/11/2017,19:00,1.482402273,5.824965598,21.8169158,311.425073,36.1,24.2,101.5,2280.858637,1985.559432,2.3041,1.0172,726.4969482,1.940621817,12.35645633,6.805018468,53.28067288,1985.491699,11.48654003,0.067732372,9.375802613,8.51,1.6726,0.6315,7.784995079,2012-03-18T01:23:00Z,Pacific/Rarotonga,2012-03-18T02:43:35Z,2012-03-18T14:52:33Z,night,Time Series
One Tree,OTI_JTS_11,-23.441562,152.091408,15/11/2017,20:00,1.367402273,4.373774197,0,329.8310075,36.1,24.2,98.3,2291.17545,2147.446753,2.2771,0.9972,2179.280518,0.790208675,16.53341662,6.805018468,45.46817288,1993.921631,11.48654003,153.5251222,51.09444677,8.26,1.6226,0.6545,7.351355553,2012-03-18T03:31:00Z,Pacific/Rarotonga,2012-03-18T02:43:35Z,2012-03-18T14:52:33Z,night,Time Series
One Tree,OTI_JTS_12,-23.441562,152.091408,15/11/2017,21:00,1.016177273,3.059521849,7.700230231,346.7201059,36,23.9,90.7,2324.671137,2009.423254,2.2431,1.0672,666.7356567,2.115329376,11.96684584,6.8443251,25.48984063,2024.213745,11.58121978,-14.79049119,7.722809609,7.66,1.6526,0.5905,7.825023651,2012-03-18T05:30:00Z,Pacific/Rarotonga,2012-03-18T02:43:35Z,2012-03-18T14:52:33Z,night,Time Series
One Tree,OTI_JTS_13,-23.441562,152.091408,15/11/2017,22:00,0.617527273,3.088146705,16.68863675,357.4502885,36.6,23.4,90.6,2320.365759,2028.220134,2.4361,1.1372,761.546936,1.883307172,12.66209954,6.88029467,26.55329155,2021.535278,11.69460484,6.684855205,10.57037389,7.73,1.8026,0.6335,7.772344112,2012-03-18T07:40:00Z,Pacific/Rarotonga,2012-03-18T02:43:35Z,2012-03-18T14:52:33Z,day,Time Series
One Tree,OTI_JTS_14,-23.441562,152.091408,15/11/2017,23:00,0.407602273,5.277499626,27.32222943,366.4584453,36.2,23.2,89.1,2305.599921,2043.143232,2.4301,1.1072,893.1254883,1.629199499,13.65023747,6.920323584,21.23988799,2013.339722,11.78031581,29.80351043,14.52293467,7.6,1.7526,0.6775,7.709332466,2012-03-18T09:30:00Z,Pacific/Rarotonga,2012-03-18T02:43:35Z,2012-03-18T14:52:33Z,day,Time Series
One Tree,OTI_JTS_15,-23.441562,152.091408,15/11/2017,0:00,0.340102273,8.614442633,25.62437163,394.1731763,36.4,23.2,83.1,2306.015198,2057.697893,3.0521,1.0072,988.8948364,1.505959628,14.1502356,6.912342941,6.176783089,2012.688232,11.76788472,45.00966014,17.32511685,7.11,1.7726,1.2795,7.669345379,2017-09-16T10:30:00Z,Australia/Brisbane,2017-09-16T06:13:13Z,2017-09-16T18:15:12Z,day,Time Series
One Tree,OTI_JTS_16,-23.441562,152.091408,16/11/2017,1:00,0.315152273,7.423492401,8.883576563,401.8142748,36.3,22.9,84.5,2319.291848,2174.468959,2.5701,1.0672,2149.450684,0.776944501,16.67133293,6.952837305,9.598834221,2026.536011,11.86661048,147.9329484,51.90012742,7.26,1.7626,0.8075,7.359701157,2017-09-16T11:30:00Z,Australia/Brisbane,2017-09-16T06:13:13Z,2017-09-16T18:15:12Z,day,Time Series
One Tree,OTI_JTS_17,-23.441562,152.091408,16/11/2017,2:00,0.294102273,7.251643722,18.23841724,422.6339678,36.4,22.8,79.9,2315.949759,2175.669782,2.6471,1.1172,2162.099121,0.770270194,16.66193976,6.961057918,-2.84555993,2024.042236,11.89142558,151.6275462,52.38468158,6.87,1.7626,0.8845,7.356915474,2017-09-16T12:30:00Z,Australia/Brisbane,2017-09-16T06:13:13Z,2017-09-16T18:15:12Z,day,Time Series
One Tree,OTI_JTS_18,-23.441562,152.091408,16/11/2017,3:00,0.280652273,10.96929638,25.88653317,433.3929282,36.4,22.5,79.5,2319.411067,2181.476506,2.5731,1.0772,2235.774658,0.738353016,16.66150996,6.998022704,-3.688209499,2029.410767,11.98554482,152.0657396,55.00690164,6.88,1.6726,0.9005,7.342711926,2017-09-16T13:30:00Z,Australia/Brisbane,2017-09-16T06:13:13Z,2017-09-16T18:15:12Z,day,Time Series
One Tree,OTI_JTS_19,-23.441562,152.091408,16/11/2017,4:00,0.294077273,13.06484013,27.14715548,462.3840507,36.3,22.3,76.7,2315.826614,2193.212662,2.8921,1.1872,2491.139648,0.661282716,16.48810252,7.026952478,-11.15476492,2028.563721,12.05540753,164.6489418,63.02384759,6.67,1.7926,1.0995,7.297189713,2017-09-16T14:30:00Z,Australia/Brisbane,2017-09-16T06:13:13Z,2017-09-16T18:15:12Z,day,Time Series
One Tree,OTI_JTS_20,-23.441562,152.091408,16/11/2017,5:00,0.759352273,13.000843,90.53488001,480.3808198,36.4,22.3,78.3,2320.166122,2185.220021,2.5621,1.0572,2278.404053,0.720268488,16.6541172,7.022872968,-6.339780238,2031.709717,12.04899971,153.5103046,56.58222447,6.82,1.6826,0.8795,7.334733009,2017-09-16T15:30:00Z,Australia/Brisbane,2017-09-16T06:13:13Z,2017-09-16T18:15:12Z,day,Time Series
One Tree,OTI_JTS_21,-23.441562,152.091408,16/11/2017,6:00,1.299827273,10.21897441,35.69945612,514.7806278,36.3,22.7,83.6,2328.115391,2200.349955,2.3411,1.2172,2453.01416,0.689102434,16.53386844,6.977377362,7.894457447,2035.294189,11.92897838,165.0557656,61.22590412,7.23,1.5726,0.7685,7.306470871,2017-09-16T16:30:00Z,Australia/Brisbane,2017-09-16T06:13:13Z,2017-09-16T18:15:12Z,day,Time Series
One Tree,OTI_JTS_22,-23.441562,152.091408,16/11/2017,7:00,1.597427273,8.509829018,35.57401241,489.4908345,36.2,23,85.6,2324.527126,2103.793604,2.1741,1.0172,1214.480835,1.280623466,15.25630822,6.944639761,12.66750746,2030.578857,11.8418947,73.21474632,24.11249039,7.35,1.5526,0.6215,7.591826916,2017-09-16T17:30:00Z,Australia/Brisbane,2017-09-16T06:13:13Z,2017-09-16T18:15:12Z,day,Time Series
One Tree,OTI_JTS_23,-23.441562,152.091408,16/11/2017,8:00,1.588327273,6.073589553,0,481.9515637,35.8,24.1,97.6,2316.392415,2089.57195,2.1431,1.1472,1184.317871,1.351264318,14.95354403,6.828504925,43.17172108,2016.814209,11.53406245,72.75774071,22.61592732,8.21,1.5626,0.5805,7.602245331,2017-09-16T18:30:00Z,Australia/Brisbane,2017-09-16T06:13:13Z,2017-09-16T18:15:12Z,night,Time Series
One Tree,OTI_JTS_24,-23.441562,152.091408,16/11/2017,9:00,1.376527273,3.819154505,39.93175712,481.0650789,35.8,24.8,101,2307.644081,2055.494052,2.0961,1.0272,1000.763611,1.579547489,13.93010189,6.746822908,51.03678413,2003.952881,11.33052712,51.54117153,17.01742255,8.38,1.5126,0.5835,7.66740799,2017-09-16T19:30:00Z,Australia/Brisbane,2017-09-16T06:13:13Z,2017-09-16T18:15:12Z,night,Time Series
One Tree,OTI_JTS_25,-23.441562,152.091408,16/11/2017,10:00,0.969227273,5.622735664,50.08939661,493.6848347,35.9,25.6,106.3,2304.771905,2099.524534,2.1441,1.0872,1065.36145,1.546870221,14.03704103,6.651934781,63.68953808,1994.305054,11.09973698,105.2194801,18.46334333,8.69,1.5526,0.5915,7.642814636,2017-09-16T20:30:00Z,Australia/Brisbane,2017-09-16T06:13:13Z,2017-09-16T18:15:12Z,night,Time Series
One Tree,OTI_JTS_26,-23.441562,152.091408,16/11/2017,11:00,0.594027273,5.539822426,8.845835956,493.7473014,36,26.4,114.7,2297.903518,2086.427646,2.1511,1.0372,1045.06897,1.611462737,13.72604982,6.559491001,84.07840622,1981.506348,10.87701392,104.9212988,17.54105957,9.25,1.5926,0.5585,7.649401665,2017-09-16T21:30:00Z,Australia/Brisbane,2017-09-16T06:13:13Z,2017-09-16T18:15:12Z,night,Time Series
One Tree,OTI_JTS_27,-23.441562,152.091408,16/11/2017,12:00,0.389452273,7.058077922,21.86139703,477.6978184,36.1,27.3,124.9,2294.677207,2062.863788,2.1611,1.0672,943.5738525,1.801087072,12.96356946,6.458751343,107.5390205,1970.706543,10.6363658,92.15724487,14.45412684,9.9,1.5826,0.5785,7.688508511,2017-09-16T22:30:00Z,Australia/Brisbane,2017-09-16T06:13:13Z,2017-09-16T18:15:12Z,night,Time Series
One Tree,OTI_JTS_28,-23.441562,152.091408,16/11/2017,13:00,0.335302273,9.467238606,24.98549007,457.9053612,35.9,28.2,128.3,2287.79987,2026.03233,2.1621,1.0772,801.5060425,2.089565888,11.97287193,6.371471944,113.3915017,1958.691284,10.42082978,67.34104619,10.460067,10,1.5626,0.5995,7.75014019,2017-09-16T23:30:00Z,Australia/Brisbane,2017-09-16T06:13:13Z,2017-09-16T18:15:12Z,night,Time Series
One Tree,OTI_JTS_29,-23.441562,152.091408,16/11/2017,14:00,0.319002273,12.31945468,26.42570045,439.8964708,35.9,28.5,137.3,2282.99179,2004.651974,2.1961,1.0872,739.4334717,2.23108287,11.52091838,6.340542345,134.3580517,1952.293335,10.34729947,52.35863907,8.780549795,10.64,1.6626,0.5335,7.779586315,2017-09-17T10:30:00Z,Australia/Brisbane,2017-09-17T06:12:27Z,2017-09-17T18:15:15Z,day,Time Series
One Tree,OTI_JTS_30,-23.441562,152.091408,16/11/2017,15:00,0.288802273,11.4525186,13.08695495,445.07743,36.3,28.4,138.7,2280.745406,1990.111028,2.0751,1.0972,685.4362183,2.348210232,11.1239517,6.33672109,138.2274659,1949.047485,10.35078846,41.06354301,7.386225279,10.76,1.5326,0.5425,7.806367397,2017-09-17T11:30:00Z,Australia/Brisbane,2017-09-17T06:12:27Z,2017-09-17T18:15:15Z,day,Time Series
One Tree,OTI_JTS_31,-23.441562,152.091408,16/11/2017,16:00,0.287827273,12.78380061,28.20019661,375.3674859,36,38.2,137,2276.271454,2160.524278,2.0911,1.1072,2942.41333,1.061403349,14.88130838,5.469645109,162.5110903,1861.61499,8.404420785,298.9092878,53.41877984,10.67,1.5326,0.5585,7.243265152,2017-09-17T12:30:00Z,Australia/Brisbane,2017-09-17T06:12:27Z,2017-09-17T18:15:15Z,day,Time Series
One Tree,OTI_JTS_32,-23.441562,152.091408,16/11/2017,17:00,0.573877273,12.77180189,56.75181262,361.8219953,36.1,26.9,129.5,2263.421814,2103.6162,2.4971,1.0072,2110.539063,0.888455995,16.16366493,6.501544284,119.9517411,1949.001343,10.73970228,154.6148573,45.92670321,10.34,1.7026,0.7945,7.363291264,2017-09-17T13:30:00Z,Australia/Brisbane,2017-09-17T06:12:27Z,2017-09-17T18:15:15Z,day,Time Series
One Tree,OTI_JTS_33,-23.441562,152.091408,16/11/2017,18:00,1.102427273,10.01157776,46.15523284,322.054299,36,25.7,126.2,2252.03188,1940.331048,2.0841,1.1672,686.6500854,2.084375489,11.77433818,6.636956361,114.1576137,1950.126953,11.06645444,-9.795904675,7.930501854,10.29,1.5126,0.5715,7.80179739,2017-09-17T14:30:00Z,Australia/Brisbane,2017-09-17T06:12:27Z,2017-09-17T18:15:15Z,day,Time Series
One Tree,OTI_JTS_34,-23.441562,152.091408,16/11/2017,19:00,1.384202273,7.838072636,15.44120182,273.1739752,36,25.4,110.8,2240.641946,1877.029529,2.1991,1.0072,495.7698364,2.570607602,10.35556535,6.670687596,76.85351262,1943.485596,11.14943851,-66.45606683,2.66944944,9.13,1.5726,0.6265,7.920330048,2017-09-17T01:30:00Z,Australia/Brisbane,2017-09-17T06:12:27Z,2017-09-17T18:15:15Z,night,Time Series
Lord Howe Island,LHI_LTS_1,-35.531084,159.066768,12/7/2018,13:30,0.148409722,11.5971976,21.89899502,327.0922444,36,18.9,101.3,2378.140173,2092.650952,4.041,0.5261,366.5138855,3.128262481,10.12239417,7.490177101,61.55696558,2110.48584,13.24959637,-17.83488736,-1.109193945,9.46,3.237,0.804,8.077594757,2017-09-17T02:30:00Z,Australia/Brisbane,2017-09-17T06:12:27Z,2017-09-17T18:15:15Z,night,Time Series
Lord Howe Island,LHI_LTS_2,-35.531084,159.066768,12/7/2018,14:00,0.168416667,11.84001952,21.53291038,358.422987,36,19.1,102.6,2381.651601,2099.01485,4.466,0.5341,375.8106689,3.105270847,10.18374195,7.462149071,66.18284152,2111.748047,13.17530069,-12.73319681,-0.796754329,9.58,3.627,0.839,8.069051743,2017-09-17T00:30:00Z,Australia/Brisbane,2017-09-17T06:12:27Z,2017-09-17T18:15:15Z,night,Time Series
Lord Howe Island,LHI_LTS_3,-35.531084,159.066768,12/7/2018,14:30,0.303090278,10.74045632,22.57315856,337.6109307,36.3,18.5,112.8,2357.327406,2058.3001,3.029,0.5211,334.4912109,3.232473447,9.814115392,7.533328155,96.77099515,2094.8479,13.37830646,-36.54780028,-2.190992724,10.63,2.277,0.752,8.106341362,2017-09-17T03:30:00Z,Australia/Brisbane,2017-09-17T06:12:27Z,2017-09-17T18:15:15Z,night,Time Series
Lord Howe Island,LHI_LTS_4,-35.531084,159.066768,12/7/2018,15:00,0.437763889,9.640893121,23.61340674,316.7988744,36.2,18.7,112.2,2351.611785,2040.881338,2.34,0.5011,316.622467,3.352020745,9.599217191,7.509445804,95.95481862,2088.972656,13.3100408,-48.09131777,-2.774395194,10.58,1.747,0.593,8.125053406,2017-09-17T04:30:00Z,Australia/Brisbane,2017-09-17T06:12:27Z,2017-09-17T18:15:15Z,night,Time Series
Lord Howe Island,LHI_LTS_5,-35.531084,159.066768,12/7/2018,16:00,0.905388889,3.400433357,0.423921345,363.3820965,36.5,18.6,102.5,2385.561677,2103.614566,3.341,0.5191,375.451355,3.074865978,10.19758861,7.510158619,68.43254314,2116.55127,13.32588528,-12.9367038,-0.817831226,9.7,1.727,1.614,8.068852425,2017-09-17T05:30:00Z,Australia/Brisbane,2017-09-17T06:12:27Z,2017-09-17T18:15:15Z,night,Time Series
Lord Howe Island,LHI_LTS_6,-35.531084,159.066768,12/7/2018,17:00,1.379583333,1.793984861,0,346.6560489,36.3,18.5,103.2,2355.772677,2070.703448,3.091,0.4971,357.2350769,3.094975168,10.0650221,7.533328155,70.83349515,2093.571045,13.37830646,-22.8675969,-1.430305309,9.8,1.747,1.344,8.08261776,2017-09-17T06:30:00Z,Australia/Brisbane,2017-09-17T06:12:27Z,2017-09-17T18:15:15Z,day,Time Series
Lord Howe Island,LHI_LTS_7,-35.531084,159.066768,12/7/2018,18:00,1.824513889,2.907010377,10.31769146,321.5923768,38,18.2,106.6,2321.244745,2015.679223,2.216,0.4831,324.5924377,3.204836432,9.55565557,7.499578597,83.76316884,2058.461426,13.36784579,-42.78220321,-2.520091205,10.18,1.527,0.689,8.106884956,2017-09-17T07:30:00Z,Australia/Brisbane,2017-09-17T06:12:27Z,2017-09-17T18:15:15Z,day,Time Series
Lord Howe Island,LHI_LTS_8,-35.531084,159.066768,12/7/2018,19:00,2.102819444,3.314182782,11.04825463,314.4499307,36.4,18.4,108.9,2325.445503,2023.62818,2.226,0.4941,320.4943542,3.236589135,9.678497279,7.543074996,87.40390637,2068.513428,13.40899725,-44.88524759,-2.665227039,10.34,1.567,0.659,8.116248131,2017-09-17T08:30:00Z,Australia/Brisbane,2017-09-17T06:12:27Z,2017-09-17T18:15:15Z,day,Time Series
Lord Howe Island,LHI_LTS_9,-35.531084,159.066768,12/7/2018,20:00,2.142833333,5.098734979,27.31387329,309.3898653,36.4,18.5,108.6,2325.599979,2023.349358,2.241,0.4901,321.1963196,3.242623509,9.670160999,7.528832267,85.97399167,2067.839844,13.37099433,-44.49048546,-2.634208081,10.28,1.657,0.584,8.115427017,2017-09-17T09:30:00Z,Australia/Brisbane,2017-09-17T06:12:27Z,2017-09-17T18:15:15Z,day,Time Series
Lord Howe Island,LHI_LTS_10,-35.531084,159.066768,12/7/2018,21:00,1.884833333,4.968704429,8.491714003,320.7126478,36.3,18.4,106.4,2330.553185,2023.440609,2.229,0.4931,313.0771484,3.295301836,9.604933934,7.547582669,79.4505416,2073.297852,13.41633523,-49.85724248,-2.915464129,10.09,1.557,0.672,8.125638008,2017-11-15T00:00:00Z,Australia/Brisbane,2017-11-15T05:00:11Z,2017-11-15T18:15:21Z,night,Time Series
Lord Howe Island,LHI_LTS_11,-35.531084,159.066768,12/7/2018,22:00,1.527694444,5.547655686,14.21394059,324.9169303,36.1,18.4,105.6,2335.237303,2030.426364,2.374,0.5181,316.1700745,3.282786966,9.662876403,7.556606097,76.98105946,2078.2146,13.43102296,-47.78823572,-2.814804087,10.02,1.627,0.747,8.123491287,2017-11-15T10:00:00Z,Australia/Brisbane,2017-11-15T05:00:11Z,2017-11-15T18:15:21Z,day,Time Series
Lord Howe Island,LHI_LTS_12,-35.531084,159.066768,12/7/2018,23:00,1.052902778,4.744548883,5.622986263,329.9078925,36.3,18.1,103.9,2334.788824,2029.28066,2.708,0.4754,312.7123108,3.277197245,9.646606992,7.590652381,72.1671131,2079.281494,13.53148729,-50.0008346,-2.952830384,9.9,1.808,0.9,8.126944542,2017-11-15T11:00:00Z,Australia/Brisbane,2017-11-15T05:00:11Z,2017-11-15T18:15:21Z,day,Time Series
Lord Howe Island,LHI_LTS_13,-35.531084,159.066768,13/07/2018,0:00,0.610958333,5.755745052,13.44217074,339.7635114,36.1,17.9,101.9,2341.366522,2045.644968,2.688,0.4554,325.0965271,3.189361512,9.843619944,7.628766024,65.35106176,2087.443115,13.62410427,-41.79814763,-2.551231084,9.72,1.564,1.124,8.114926338,2017-11-15T12:00:00Z,Australia/Brisbane,2017-11-15T05:00:11Z,2017-11-15T18:15:21Z,day,Time Series
Lord Howe Island,LHI_LTS_14,-35.531084,159.066768,13/07/2018,1:00,0.288458333,6.07030435,10.51800894,358.199737,35.9,17.5,96.5,2341.127333,2052.407665,3.102,0.4894,328.9754333,3.120929573,9.983238391,7.696683928,50.10362725,2091.436768,13.79702435,-39.02910265,-2.449818259,9.3,1.798,1.304,8.11147213,2017-11-15T13:00:00Z,Australia/Brisbane,2017-11-15T05:00:11Z,2017-11-15T18:15:21Z,day,Time Series
Lord Howe Island,LHI_LTS_15,-35.531084,159.066768,13/07/2018,2:00,0.155277778,5.937590181,7.420135094,394.1440117,36,17.3,93.9,2349.354439,2076.700653,3.622,0.4844,356.4883728,2.961855443,10.31811598,7.721733853,42.44581708,2099.4646,13.86947072,-22.76394699,-1.508707963,9.08,1.928,1.694,8.083752632,2017-11-15T14:00:00Z,Australia/Brisbane,2017-11-15T05:00:11Z,2017-11-15T18:15:21Z,day,Time Series
Lord Howe Island,LHI_LTS_16,-35.531084,159.066768,13/07/2018,3:00,0.245458333,5.278825381,10.71399259,399.7267584,36.2,17.2,91.4,2350.834421,2087.382064,3.552,0.4394,374.0761719,2.865788318,10.50741122,7.727333587,35.0833254,2100.549072,13.89443639,-13.16700791,-0.90049199,8.85,2.258,1.294,8.066059113,2017-11-15T15:00:00Z,Australia/Brisbane,2017-11-15T05:00:11Z,2017-11-15T18:15:21Z,day,Time Series
Lord Howe Island,LHI_LTS_17,-35.531084,159.066768,13/07/2018,4:00,0.529736111,4.80997675,9.214192768,382.7948377,36.3,17.4,91.1,2341.864832,2067.687103,2.983,0.4904,355.8465881,2.964088772,10.25470308,7.69296775,34.28225783,2090.845215,13.80652481,-23.15811233,-1.524012975,8.79,1.998,0.985,8.082324982,2017-11-15T16:00:00Z,Australia/Brisbane,2017-11-15T05:00:11Z,2017-11-15T18:15:21Z,day,Time Series
Lord Howe Island,LHI_LTS_18,-35.531084,159.066768,13/07/2018,5:00,0.947194444,4.884925106,11.5083723,363.5368901,36.3,17.6,92.8,2327.119826,2048.377422,2.379,0.4704,346.3905029,3.003724441,10.12029774,7.663471363,38.95401991,2076.868408,13.72702211,-28.49098643,-1.839746258,8.91,1.798,0.581,8.089559555,2017-11-15T17:00:00Z,Australia/Brisbane,2017-11-15T05:00:11Z,2017-11-15T18:15:21Z,day,Time Series
Lord Howe Island,LHI_LTS_19,-35.531084,159.066768,13/07/2018,6:00,1.342555556,4.240324856,5.495908296,394.2874255,36.1,17.5,90.9,2331.360448,2050.836124,2.63,0.4764,341.3755188,3.028631888,10.10556825,7.687432878,32.89272257,2082.230469,13.78184417,-31.39434517,-2.019883032,8.74,1.958,0.672,8.096086502,2017-11-15T18:00:00Z,Australia/Brisbane,2017-11-15T05:00:11Z,2017-11-15T18:15:21Z,day,Time Series
Lord Howe Island,LHI_LTS_20,-35.531084,159.066768,13/07/2018,7:00,1.617875,3.20799193,0.933602878,384.1874673,36.1,17.7,88.8,2346.110438,2077.694272,3.142,0.4674,370.1338806,2.921940083,10.38640508,7.657993895,26.31269078,2093.026367,13.70260525,-15.33209487,-1.023108805,8.5,1.978,1.164,8.069236755,2017-11-15T19:00:00Z,Australia/Brisbane,2017-11-15T05:00:11Z,2017-11-15T18:15:21Z,night,Time Series
Lord Howe Island,LHI_LTS_21,-35.531084,159.066768,13/07/2018,8:00,1.708055556,2.18980584,0,366.574416,36,17.8,91.9,2326.990265,2047.348316,2.166,0.4244,344.8696594,3.026398701,10.10919909,7.647941293,35.06433459,2076.710449,13.67077103,-29.36213356,-1.884186048,8.77,1.555,0.611,8.091879845,2017-11-15T20:00:00Z,Australia/Brisbane,2017-11-15T05:00:11Z,2017-11-15T18:15:21Z,night,Time Series
Lord Howe Island,LHI_LTS_22,-35.531084,159.066768,13/07/2018,9:00,1.588013889,1.747410541,0,372.437975,36,17.9,91.3,2325.784354,2053.903164,2.564,0.4334,359.5603333,2.951601605,10.25865742,7.633341526,33.33307733,2074.890381,13.63158522,-20.98721689,-1.378141563,8.7,1.998,0.566,8.076637268,2017-11-15T21:00:00Z,Australia/Brisbane,2017-11-15T05:00:11Z,2017-11-15T18:15:21Z,night,Time Series
Lord Howe Island,LHI_LTS_23,-35.531084,159.066768,13/07/2018,10:00,1.307916667,2.421457414,5.720049027,374.980153,35.6,18.1,93.9,2325.71459,2049.705628,2.288,0.4244,351.3991394,3.008591144,10.18659836,7.622531749,39.29588284,2075.256592,13.58351358,-25.5509641,-1.650425718,8.88,1.698,0.59,8.085961342,2017-11-15T22:00:00Z,Australia/Brisbane,2017-11-15T05:00:11Z,2017-11-15T18:15:21Z,night,Time Series
Lord Howe Island,LHI_LTS_24,-35.531084,159.066768,13/07/2018,11:00,0.909569444,3.624359719,6.846764888,388.5298166,35.5,18.2,95.4,2307.097711,2040.925274,2.161,0.4294,363.9037476,2.907164773,10.33646296,7.612593309,43.35645911,2059.322021,13.55218899,-18.39674744,-1.222957862,9,1.534,0.627,8.07060051,2017-11-15T23:00:00Z,Australia/Brisbane,2017-11-15T05:00:11Z,2017-11-15T18:15:21Z,night,Time Series
Lord Howe Island,LHI_LTS_25,-35.531084,159.066768,13/07/2018,12:00,0.510625,4.30113782,6.626967917,397.6907207,35.3,18.9,97.4,2308.702271,2046.349626,2.118,0.4174,380.3909302,2.888336174,10.41764399,7.521451566,46.51713856,2056.142822,13.30025729,-9.793195791,-0.652013175,9.01,1.435,0.683,8.05517292,2017-11-16T10:00:00Z,Australia/Brisbane,2017-11-16T04:59:53Z,2017-11-16T18:16:02Z,day,Time Series
Lord Howe Island,LHI_LTS_26,-35.531084,159.066768,13/07/2018,13:00,0.212611111,3.760137401,3.099272931,360.0817966,34.9,18.3,102.1,2277.537935,2003.887593,2.427,0.4374,337.5439148,2.985704119,10.12001171,7.625445602,61.70482493,2036.64209,13.55805816,-32.75449694,-2.116957355,9.6,1.738,0.689,8.09461689,2017-11-16T11:00:00Z,Australia/Brisbane,2017-11-16T04:59:53Z,2017-11-16T18:16:02Z,day,Time Series
Lord Howe Island,LHI_LTS_27,-35.531084,159.066768,13/07/2018,14:00,0.091375,3.146356885,3.258885004,380.8057923,34.9,18.1,100.4,2273.013276,1999.335192,3.064,0.4664,333.4276428,2.97994585,10.10986047,7.654545005,56.73296859,2034.346558,13.63573961,-35.01136516,-2.269408286,9.47,2.138,0.926,8.098366737,2017-11-16T12:00:00Z,Australia/Brisbane,2017-11-16T04:59:53Z,2017-11-16T18:16:02Z,day,Time Series
Lord Howe Island,LHI_LTS_28,-35.531084,159.066768,13/07/2018,15:00,0.207833333,3.112349886,0.908151003,367.9776458,35,17.8,98.3,2326.501921,2055.555817,3.056,0.3674,350.4712524,2.97502549,10.31524159,7.693968902,51.7509718,2081.358398,13.74607481,-25.8025813,-1.702064273,9.35,1.432,1.624,8.088988304,2017-11-16T13:00:00Z,Australia/Brisbane,2017-11-16T04:59:53Z,2017-11-16T18:16:02Z,day,Time Series
Lord Howe Island,LHI_LTS_29,-35.531084,159.066768,13/07/2018,16:00,0.610702381,4.086750097,3.800884132,321.8828111,34.8,17.9,109.1,2316.904461,2025.534308,2.911,0.6544,314.1596069,3.177180838,9.901761673,7.68846207,83.17306031,2073.213135,13.72167912,-47.67882704,-2.944684986,10.35,1.607,1.304,8.127168655,2017-11-16T14:00:00Z,Australia/Brisbane,2017-11-16T04:59:53Z,2017-11-16T18:16:02Z,day,Time Series
Lord Howe Island,LHI_LTS_30,-35.531084,159.066768,13/07/2018,17:00,1.173541667,4.735327702,6.77261865,323.5639817,35.6,18,111.4,2283.846545,1986.113967,2.086,0.6374,303.4226379,3.194374681,9.670114649,7.637075262,91.02889806,2040.6521,13.62244121,-54.53813251,-3.289049515,10.55,1.573,0.513,8.13160038,2017-11-16T15:00:00Z,Australia/Brisbane,2017-11-16T04:59:53Z,2017-11-16T18:16:02Z,day,Time Series
Nusa Penida,NP_TS_2,-8.676382,115.514758,6/12/2018,16:00,1.190474375,21.007618,0,191.7183321,33.35176969,30.8,240.1,2357.28211,1886.172991,0.551685,0.39785,244.4592896,5.429431093,7.720888464,6.198145514,362.2454527,2007.161011,9.937940728,-120.9880193,-3.888359454,17.79,0,0.551685,8.202819824,2017-11-16T16:00:00Z,Australia/Brisbane,2017-11-16T04:59:53Z,2017-11-16T18:16:02Z,day,Time Series
Nusa Penida,NP_TS_3,-8.676382,115.514758,6/12/2018,17:00,1.317908125,12.1583085,0,214.6960696,33.73567687,30.7,227.6,2323.041309,1909.765475,0.975685,0.39285,302.3735046,4.751022922,8.12936422,6.194925148,333.5960891,1978.591064,9.941613232,-68.82558914,-2.455852105,16.87,0,0.975685,8.126763344,2017-11-16T17:00:00Z,Australia/Brisbane,2017-11-16T04:59:53Z,2017-11-16T18:16:02Z,day,Time Series
Nusa Penida,NP_TS_4,-8.676382,115.514758,6/12/2018,18:00,1.566979167,6.458595601,0.692468634,293.7292515,34.11958406,29.7,143.6,2236.857269,1856.370893,0.497685,0.37785,310.5932312,4.287162822,8.276262951,6.280856208,142.4732435,1916.182617,10.15215674,-59.81172421,-2.300095682,10.84,0,0.497685,8.1046772,2017-11-16T18:00:00Z,Australia/Brisbane,2017-11-16T04:59:53Z,2017-11-16T18:16:02Z,day,Time Series
Nusa Penida,NP_TS_5,-8.676382,115.514758,6/12/2018,19:00,1.861125,4.447688412,2.822895816,371.789862,34.16265929,29.1,110.6,2247.056848,1962.856161,0.539685,0.37985,480.6517944,3.279844904,9.665168069,6.340128909,65.62097159,1929.056274,10.29230821,33.79988694,2.027184412,8.44,0,0.539685,7.95616293,2017-11-16T19:00:00Z,Australia/Brisbane,2017-11-16T04:59:53Z,2017-11-16T18:16:02Z,night,Time Series
Nusa Penida,NP_TS_6,-8.676382,115.514758,6/12/2018,20:00,2.078708333,3.879951576,2.130427181,392.8480886,34.25982956,29.1,103.9,2266.997344,1926.814059,0.530685,0.38685,375.0387878,3.872877974,8.846093895,6.336723849,50.10237972,1944.471558,10.28729532,-17.65749909,-0.673575213,7.94,0,0.530685,8.046235085,2017-11-16T01:00:00Z,Australia/Brisbane,2017-11-16T04:59:53Z,2017-11-16T18:16:02Z,night,Time Series
Nusa Penida,NP_TS_7,-8.676382,115.514758,6/12/2018,21:00,2.173962083,4.146114359,1.475316882,414.9791814,34.35699983,28.9,98.5,2238.608894,2041.079073,0.543685,0.38585,746.9524536,2.400579458,11.57730998,6.353788278,37.69411631,1922.833618,10.33047893,118.2454544,8.908850215,7.56,0,0.543685,7.794403076,2017-11-16T02:00:00Z,Australia/Brisbane,2017-11-16T04:59:53Z,2017-11-16T18:16:02Z,night,Time Series
Nusa Penida,NP_TS_8,-8.676382,115.514758,6/12/2018,22:00,2.076572125,5.126247087,2.930614895,435.6419884,34.37463255,28.9,95.2,2257.680226,2060.295449,0.560685,0.39985,760.0985718,2.40740233,11.63423556,6.353168028,29.58849911,1938.01123,10.32956386,122.284219,9.242676492,7.3,0,0.560685,7.790982723,2017-11-16T03:00:00Z,Australia/Brisbane,2017-11-16T04:59:53Z,2017-11-16T18:16:02Z,night,Time Series
Nusa Penida,NP_TS_9,-8.676382,115.514758,6/12/2018,23:00,1.908868042,6.214264856,2.990188429,453.7669171,34.35983918,28.9,89.4,2253.157053,2083.543517,0.552685,0.40585,890.826355,2.135588168,12.41605733,6.353688397,16.1347376,1934.463989,10.33033146,149.0795282,12.60326942,6.87,0,0.552685,7.730326653,2017-11-16T04:00:00Z,Australia/Brisbane,2017-11-16T04:59:53Z,2017-11-16T18:16:02Z,night,Time Series
Nusa Penida,NP_TS_10,-8.676382,115.514758,7/12/2018,0:00,1.606018833,7.456087213,3.092790058,477.2042092,34.34504581,28.9,84.1,2254.667921,2080.909749,0.549685,0.40185,871.0093384,2.174946603,12.29353875,6.354208808,3.305974756,1935.762207,10.33109911,145.1475424,12.08761087,6.46,0,0.549685,7.73899889,2017-11-16T05:00:00Z,Australia/Brisbane,2017-11-16T04:59:53Z,2017-11-16T18:16:02Z,night,Time Series
Nusa Penida,NP_TS_11,-8.676382,115.514758,7/12/2018,1:00,1.25464125,10.44088556,5.341092587,515.5311807,33.94402504,28.8,81,2274.882988,2015.217496,0.562685,0.39385,552.1881104,3.034283997,10.2098063,6.378646925,-4.957716397,1955.081421,10.37625336,60.13607533,3.867315488,6.22,0,0.562685,7.910893917,2017-11-16T06:00:00Z,Australia/Brisbane,2017-11-16T04:59:53Z,2017-11-16T18:16:02Z,day,Time Series
Nusa Penida,NP_TS_12,-8.676382,115.514758,7/12/2018,2:00,0.989880417,19.99568527,13.23870434,563.4406183,33.84774463,28.8,70.4,2286.468405,2072.998315,0.562685,0.38885,707.6017456,2.581173925,11.3006377,6.382050465,-30.37657705,1964.926758,10.38127741,108.0715576,7.886870903,5.41,0,0.562685,7.822654247,2017-11-16T07:00:00Z,Australia/Brisbane,2017-11-16T04:59:53Z,2017-11-16T18:16:02Z,day,Time Series
Nusa Penida,NP_TS_13,-8.676382,115.514758,7/12/2018,3:00,0.66038125,34.64545586,16.48737889,733.5539524,33.75146422,28.7,60,2363.345698,2190.813851,2.047685,0.39385,936.53302,2.220953725,12.6609619,6.39581766,-55.80680186,2027.916992,10.41076376,162.8968591,13.84540538,4.61,0,2.047685,7.730654716,2017-11-16T08:00:00Z,Australia/Brisbane,2017-11-16T04:59:53Z,2017-11-16T18:16:02Z,day,Time Series
Nusa Penida,NP_TS_14,-8.676382,115.514758,7/12/2018,4:00,0.456372292,50.17001642,11.61573158,1080.016332,33.31868236,28.6,41.2,2439.151591,2308.629387,1.577685,0.37885,1241.025879,1.873510289,14.22880316,6.421612706,-101.6128971,2092.001221,10.45810322,216.6281666,21.88141869,3.17,0,1.577685,7.636695385,2017-11-16T09:00:00Z,Australia/Brisbane,2017-11-16T04:59:53Z,2017-11-16T18:16:02Z,day,Time Series
Nusa Penida,NP_TS_15,-8.676382,115.514758,7/12/2018,5:00,0.442591875,57.16516928,4.956221686,1480.673311,33.33098383,28.4,27.5,2688.399048,2619.788823,2.357685,0.37985,2076.187256,1.454902679,16.43275021,6.442127075,-134.7539711,2292.102783,10.50704982,327.6860398,43.87219094,2.13,0,2.357685,7.471916676,2018-07-12T13:30:00Z,Etc/GMT-11,2018-07-12T06:32:37Z,2018-07-12T16:28:20Z,day,Time Series
Nusa Penida,NP_TS_16,-8.676382,115.514758,7/12/2018,6:00,0.5206375,52.45437784,3.307372759,1591.845152,33.3432853,28.3,9.8,2592.580374,2532.307204,0.857685,0.38085,2085.309326,1.347413969,16.49130711,6.452210196,-177.8815686,2216.937744,10.53135262,315.36946,44.2368161,0.76,0,0.857685,7.455408573,2018-07-12T14:00:00Z,Etc/GMT-11,2018-07-12T06:32:37Z,2018-07-12T16:28:20Z,day,Time Series
Nusa Penida,NP_TS_17,-8.676382,115.514758,7/12/2018,7:00,0.690509167,42.41969664,2.935015157,1413.541306,33.62492514,28.6,30.3,2511.237249,2429.55986,0.763685,0.38585,1771.447266,1.480241041,15.81976152,6.410710466,-127.5222021,2147.614502,10.44198268,281.9453585,35.67812666,2.33,0,0.763685,7.507441998,2018-07-12T14:30:00Z,Etc/GMT-11,2018-07-12T06:32:37Z,2018-07-12T16:28:20Z,day,Time Series
Nusa Penida,NP_TS_18,-8.676382,115.514758,7/12/2018,8:00,0.972950833,31.74541187,3.810153926,940.3460598,33.90656498,28.9,80.8,2368.052491,2314.312248,0.536685,0.38385,2021.633789,1.203324921,16.15620379,6.36965335,-5.301667193,2029.037109,10.35387843,285.275139,41.82451643,6.2,0,0.536685,7.430015564,2018-07-12T15:00:00Z,Etc/GMT-11,2018-07-12T06:32:37Z,2018-07-12T16:28:20Z,day,Time Series
Nusa Penida,NP_TS_19,-8.676382,115.514758,7/12/2018,9:00,1.242912083,24.05533867,3.810153926,508.9428036,34.40186391,29.1,115.4,2396.465879,2164.845911,0.666685,0.37285,715.4490356,2.8165121,11.14032005,6.331749943,78.38281429,2046.996704,10.27997255,117.8492072,8.027324851,8.84,0,0.666685,7.835329056,2018-07-12T16:00:00Z,Etc/GMT-11,2018-07-12T06:32:37Z,2018-07-12T16:28:20Z,day,Time Series
Nusa Penida,NP_TS_20,-8.676382,115.514758,7/12/2018,10:00,1.387822917,18.68712626,0.481122439,414.2977962,34.56481748,29.2,140.4,2320.570314,2018.975681,0.549685,0.38585,479.8219299,3.485913378,9.542684653,6.315877692,137.6288221,1984.677979,10.24766975,34.29770213,1.991685015,10.72,0,0.549685,7.966938496,2018-07-12T17:00:00Z,Etc/GMT-11,2018-07-12T06:32:37Z,2018-07-12T16:28:20Z,night,Time Series
Nusa Penida,NP_TS_21,-8.676382,115.514758,7/12/2018,11:00,1.469659167,17.81222546,3.993888998,345.0081464,34.72777104,29.2,133.5,2244.06233,1930.658335,0.561685,0.40285,425.1671143,3.550780798,9.152380974,6.31019441,120.9314247,1922.619507,10.2393092,8.038827982,0.597004619,10.18,0,0.561685,7.996533394,2018-07-12T18:00:00Z,Etc/GMT-11,2018-07-12T06:32:37Z,2018-07-12T16:28:20Z,night,Time Series
Nusa Penida,NP_TS_22,-8.676382,115.514758,7/12/2018,12:00,1.447225,21.29013366,9.184187883,281.2514058,34.98786357,29.9,159.5,2264.077008,1898.738394,0.526685,0.40385,353.5284424,4.100600087,8.482531567,6.231027008,180.592906,1931.247803,10.06194352,-32.50940922,-1.208952546,12.01,0,0.526685,8.061325073,2018-07-12T19:00:00Z,Etc/GMT-11,2018-07-12T06:32:37Z,2018-07-12T16:28:20Z,night,Time Series
Nusa Penida,NP_TS_23,-8.676382,115.514758,7/12/2018,13:00,1.362047083,24.68196218,9.264072553,231.4232791,34.59065087,30.2,197.7,2290.901184,1863.168294,1.190685,0.41585,276.5413513,4.806522541,7.911776975,6.214952802,267.970225,1952.321289,10.01283425,-89.15299504,-3.118888155,14.79,0,1.190685,8.148745537,2018-07-12T20:00:00Z,Etc/GMT-11,2018-07-12T06:32:37Z,2018-07-12T16:28:20Z,night,Time Series
Nusa Penida,NP_TS_24,-8.676382,115.514758,7/12/2018,14:00,1.25532125,25.18048347,5.411995942,215.3323976,34.4779996,30.6,207.9,2288.249545,1848.528512,1.878685,0.41985,255.4243622,5.040456624,7.838032796,6.179575809,289.700756,1947.457031,9.927697949,-98.92851945,-3.571160879,15.45,0.201,1.677685,8.179693222,2018-07-12T21:00:00Z,Etc/GMT-11,2018-07-12T06:32:37Z,2018-07-12T16:28:20Z,night,Time Series
Nusa Penida,NP_TS_25,-8.676382,115.514758,7/12/2018,15:00,1.160128333,22.72460726,2.431900345,194.5730554,34.36534833,30.8,219.1,2321.055563,1957.675353,0.672685,0.38985,355.5612793,4.330983427,8.722651607,6.163930594,313.6271689,1972.426147,9.888395971,-14.75079436,-1.01491898,16.2,0,0.672685,8.080561638,2018-07-12T22:00:00Z,Etc/GMT-11,2018-07-12T06:32:37Z,2018-07-12T16:28:20Z,night,Time Series
Nusa Penida,NP_TS_26,-8.676382,115.514758,7/12/2018,16:00,1.157369583,17.55426989,0.612555631,193.612999,34.36022298,31,217.8,2273.568315,1766.042779,1.384685,0.41285,113.330574,7.070244147,7.836702922,6.144762623,309.538668,1933.105835,9.844192118,-167.0630563,-6.810604605,16.05,0.037,1.347685,8.544273376,2018-07-12T23:00:00Z,Etc/GMT-11,2018-07-12T06:32:37Z,2018-07-12T16:28:20Z,night,Time Series
Nusa Penida,NP_TS_27,-8.676382,115.514758,7/12/2018,17:00,1.235512083,11.39908601,0,217.1322654,34.49958001,30.9,226.4,2300.470028,1845.329327,1.252685,0.42885,141.7606201,6.476277089,8.260329138,6.149739875,330.6331289,1954.435547,9.859601383,-109.10622,-6.03526227,16.73,0.05,1.202685,8.487782478,2018-07-13T00:00:00Z,Etc/GMT-11,2018-07-13T06:32:15Z,2018-07-13T16:28:57Z,night,Time Series
Nusa Penida,NP_TS_28,-8.676382,115.514758,7/12/2018,18:00,1.420854167,6.388341432,0,298.3201989,34.63893704,30.4,138.9,2238.148318,1901.337418,1.653685,0.41485,217.0888062,4.875791192,9.428899821,6.193665083,131.1354662,1908.42041,9.964929773,-7.082992609,-4.006419102,10.39,0.206,1.447685,8.348303795,2018-07-13T10:00:00Z,Etc/GMT-11,2018-07-13T06:32:15Z,2018-07-13T16:28:57Z,day,Time Series
Nusa Penida,NP_TS_29,-8.676382,115.514758,7/12/2018,19:00,1.682051964,4.130298874,1.517244661,380.9390954,35.02745011,30.1,104.8,2214.631788,1957.345508,0.905685,0.42585,364.692749,3.562662083,10.64984089,6.209914964,51.25265737,1889.970703,10.01399875,67.37480507,-0.156832037,7.85,0.102,0.803685,8.128234863,2018-07-13T11:00:00Z,Etc/GMT-11,2018-07-13T06:32:15Z,2018-07-13T16:28:57Z,day,Time Series
Heron Island,TS- 001,-23.441562,151.916776,9/10/2011,12:00,0.285166667,12.13405674,20.32785907,329.7912285,36.91833333,26.8,135.5,2293.609329,2051.195,1.494320575,0.439329908,505.8091431,2.971525164,10.8512232,6.716891477,127.5971413,2005.251099,11.07347803,45.94390137,2.92918866,10.8,0.661297807,0.833022768,7.963135719,2018-07-13T12:00:00Z,Etc/GMT-11,2018-07-13T06:32:15Z,2018-07-13T16:28:57Z,day,Time Series
Heron Island,TS- 002,-23.441562,151.916776,9/10/2011,13:05,0.237166667,16.21767701,19.05551143,278.2692636,36.79333333,26.1,155.2,2259.24609,1939.135,1.584448871,0.404174346,316.6258545,3.803997485,9.308793413,6.823460783,171.1418505,1986.387695,11.30710683,-47.25269531,-2.356800712,12.3,0.717613713,0.866835157,8.127967834,2018-07-13T13:00:00Z,Etc/GMT-11,2018-07-13T06:32:15Z,2018-07-13T16:28:57Z,day,Time Series
Heron Island,TS- 003,-23.441562,151.916776,9/10/2011,14:04,0.206833333,17.72404218,32.21900447,259.0217355,36.72666667,26.8,164.3,2199.983264,1900.015,2.013794113,0.505301875,346.2309265,3.535378819,9.444628873,6.716891477,199.1596413,1928.500732,11.07347803,-28.48573242,-1.488526422,13.09,0.713794113,1.3,8.083174706,2018-07-13T14:00:00Z,Etc/GMT-11,2018-07-13T06:32:15Z,2018-07-13T16:28:57Z,day,Time Series
Heron Island,TS- 004,-23.441562,151.916776,9/10/2011,15:00,0.382944444,20.52351127,58.37884113,248.2279229,36.87666667,27.3,169.2,2233.349883,1851.37,1.526162479,0.404329316,246.8757172,4.471483329,8.405590634,6.664262748,208.6167891,1952.53479,10.94398654,-101.16479,-4.189475621,13.34,0.698501431,0.827661048,8.204283714,2018-07-13T15:00:00Z,Etc/GMT-11,2018-07-13T06:32:15Z,2018-07-13T16:28:57Z,day,Time Series
Heron Island,TS- 005,-23.441562,151.916776,9/10/2011,16:05,0.872888889,20.90888227,43.44324665,281.8720041,37.06,25.5,144.1,2263.932116,1983.975,1.522264345,0.407874252,362.4066467,3.40857876,10.07617809,6.955018865,149.5306605,2003.12793,11.57144224,-19.15292969,-1.087522421,11.74,0.829110354,0.693153991,8.089193344,2018-07-13T16:00:00Z,Etc/GMT-11,2018-07-13T06:32:15Z,2018-07-13T16:28:57Z,day,Time Series
Heron Island,TS- 006,-23.441562,151.916776,9/10/2011,17:03,1.355388889,16.89811145,23.69747464,284.889487,37.105,24.9,141.2,2266.901674,2008.71,1.941742166,0.395476662,394.6054077,3.16333194,10.55087295,7.036036711,143.8738528,2011.288452,11.76206667,-2.578452148,-0.15862802,11.64,1.127124876,0.81461729,8.060526848,2018-07-13T17:00:00Z,Etc/GMT-11,2018-07-13T06:32:15Z,2018-07-13T16:28:57Z,night,Time Series
Heron Island,TS- 007,-23.441562,151.916776,9/10/2011,18:07,1.714,13.93594134,39.51707752,271.7504201,37.12,24.3,132,2213.558426,1923.775,1.617604432,0.409743576,315.9718933,3.448771203,9.760549935,7.089474697,121.5789157,1968.7323,11.91302935,-44.9572998,-2.502572711,10.98,0.820421655,0.797182777,8.128878593,2018-07-13T01:00:00Z,Etc/GMT-11,2018-07-13T06:32:15Z,2018-07-13T16:28:57Z,night,Time Series
Heron Island,TS- 008,-23.441562,151.916776,9/10/2011,19:15,1.847833333,15.43716249,27.25798806,283.3349874,37.15666667,23.4,111.5,2286.41112,2024.525,0.984179,0.358645488,375.9109497,3.165111433,10.53345661,7.202590294,68.66905331,2036.345459,12.19479012,-11.82045898,-0.734401972,9.4,0.488059286,0.496119714,8.079419136,2018-07-13T02:00:00Z,Etc/GMT-11,2018-07-13T06:32:15Z,2018-07-13T16:28:57Z,night,Time Series
Heron Island,TS- 009,-23.441562,151.916776,9/10/2011,20:11,1.705111111,13.28540365,0,332.339671,37.2,23.7,100.4,2308.679192,2090.855,1.52092213,0.373583939,500.1799927,2.691124594,11.64182428,7.137755831,41.94513027,2049.236084,12.05828554,41.61891602,3.019998388,8.48,0.945925878,0.574996252,7.975743771,2018-07-13T03:00:00Z,Etc/GMT-11,2018-07-13T06:32:15Z,2018-07-13T16:28:57Z,night,Time Series
Heron Island,TS- 010,-23.441562,151.916776,9/10/2011,21:01,1.326666667,10.0627383,15.45812045,360.6826211,37.21666667,23.2,96.2,2308.395684,2103.19,1.121170583,0.380183072,519.1464233,2.561025936,12.03699299,7.2232917,30.52213438,2055.614502,12.25134618,47.57549805,3.649262042,8.2,0.535158174,0.586012408,7.964103699,2018-07-13T04:00:00Z,Etc/GMT-11,2018-07-13T06:32:15Z,2018-07-13T16:28:57Z,night,Time Series
Heron Island,TS- 011,-23.441562,151.916776,9/10/2011,22:00,0.843333333,10.76256234,15.97485333,373.6422244,37.22166667,23.5,94.6,2311.565149,2098.82,1.171703542,0.371753357,508.6661682,2.640671995,11.80701939,7.172435734,26.48638332,2054.384521,12.13596615,44.43547852,3.296922267,8.02,0.552799732,0.61890381,7.970951557,2018-07-13T05:00:00Z,Etc/GMT-11,2018-07-13T06:32:15Z,2018-07-13T16:28:57Z,night,Time Series
Heron Island,TS- 012,-23.441562,151.916776,9/10/2011,23:04,0.44,10.50837508,15.38956044,379.0459221,37.22166667,23.3,92.9,2292.697909,2084.43,1.579343457,0.464128316,509.7970581,2.579721827,11.88473759,7.19836802,21.92599936,2040.15332,12.20043747,44.27667969,3.348931274,7.9,0.879343457,0.7,7.96700573,2018-07-13T06:00:00Z,Etc/GMT-11,2018-07-13T06:32:15Z,2018-07-13T16:28:57Z,night,Time Series
Heron Island,TS- 013,-23.441562,151.916776,10/10/2011,0:05,0.285888889,11.910383,18.30061402,422.9264359,37.24333333,23.2,85.5,2311.969244,2132.31,1.384073336,0.389923575,611.0626831,2.288518838,12.82646568,7.206826699,2.599165671,2056.540039,12.22579148,75.76996094,6.451020464,7.29,0.770052903,0.614020433,7.901761055,2018-07-13T07:00:00Z,Etc/GMT-11,2018-07-13T06:32:15Z,2018-07-13T16:28:57Z,day,Time Series
Heron Island,TS- 014,-23.441562,151.916776,10/10/2011,1:03,0.231611111,14.11562383,17.01070351,472.0830705,37.25,23.2,78.7,2315.817215,2179.645,1.34090114,0.393210227,817.4039307,1.8479914,14.36674603,7.183061117,-14.7831599,2056.765625,12.18889718,122.879375,12.71923529,6.71,0.699243933,0.641657207,7.788605213,2018-07-13T08:00:00Z,Etc/GMT-11,2018-07-13T06:32:15Z,2018-07-13T16:28:57Z,day,Time Series
Heron Island,TS- 015,-23.441562,151.916776,10/10/2011,2:04,0.192444444,15.2566889,16.29678956,524.30881,37.255,23.2,73.5,2329.258989,2203.295,1.349025823,0.402653704,884.909729,1.755476022,14.79377019,7.179406809,-29.04396279,2067.488525,12.18322317,135.8064746,14.76940797,6.25,0.717492343,0.63153348,7.759683609,2018-07-13T09:00:00Z,Etc/GMT-11,2018-07-13T06:32:15Z,2018-07-13T16:28:57Z,day,Time Series
Heron Island,TS- 016,-23.441562,151.916776,10/10/2011,3:02,0.194888889,16.79927254,30.73417698,581.2229783,37.27833333,23.2,69.5,2330.325256,2207.19,1.584898656,0.425208278,906.4248657,1.726925813,14.89176957,7.172099823,-39.12811947,2067.427246,12.1718771,139.7627539,15.41035398,5.92,0.736875924,0.848022732,7.749836922,2018-12-06T16:00:00Z,Asia/Makassar,2018-12-06T07:52:28Z,2018-12-06T20:28:51Z,day,Time Series
Heron Island,TS- 017,-23.441562,151.916776,10/10/2011,4:05,0.540111111,19.1896646,36.88592055,581.6342682,37.27166667,22.7,74.4,2326.995054,2180.29,1.660548166,0.40706066,766.0977783,1.937031482,13.97482411,7.221012513,-25.65664104,2066.693604,12.30967848,113.5963965,11.26636532,6.4,0.692582835,0.967965331,7.812941074,2018-12-06T17:00:00Z,Asia/Makassar,2018-12-06T07:52:28Z,2018-12-06T20:28:51Z,day,Time Series
Heron Island,TS- 018,-23.441562,151.916776,10/10/2011,5:07,1.112055556,16.9764408,29.59240988,499.3241723,37.25166667,22.6,84.2,2313.557583,2146.03,1.691733242,0.405142908,661.1467896,2.13564021,13.19725406,7.238729327,0.66470852,2056.867676,12.34983655,89.16232422,8.06279996,7.26,0.890138291,0.801594951,7.867574692,2018-12-06T18:00:00Z,Asia/Makassar,2018-12-06T07:52:28Z,2018-12-06T20:28:51Z,day,Time Series
Heron Island,TS- 019,-23.441562,151.916776,10/10/2011,6:00,1.566388889,15.48423876,10.62307904,504.5757343,37.26166667,22,87.3,2317.147277,2093.56,1.656492964,0.394408015,467.7195435,2.698069699,11.50685491,7.315939479,6.064391279,2064.378662,12.54705012,29.18133789,2.124201626,7.51,0.884905081,0.771587883,7.997894764,2018-12-06T19:00:00Z,Asia/Makassar,2018-12-06T07:52:28Z,2018-12-06T20:28:51Z,day,Time Series
Heron Island,TS- 020,-23.441562,151.916776,10/10/2011,7:07,1.796666667,13.11205405,10.65653435,493.139956,37.24333333,23.1,74.2,2332.513528,2161.69,1.444522978,0.399735105,667.126709,2.188974542,13.13506202,7.182225492,-26.31954661,2069.727295,12.19983404,91.96270508,8.147253948,6.34,0.770152855,0.674370123,7.868267536,2018-12-06T20:00:00Z,Asia/Makassar,2018-12-06T07:52:28Z,2018-12-06T20:28:51Z,day,Time Series
Heron Island,TS- 021,-23.441562,151.916776,10/10/2011,8:06,1.740444444,12.84360557,8.430448324,407.5138627,37.21,23.3,95.6,2311.736889,2108.62,1.070509113,0.371579016,540.2649536,2.52368461,12.06489363,7.17653507,29.17077906,2053.390869,12.16657692,55.22913086,4.266360176,8.11,0.588939579,0.481569535,7.946341991,2018-12-06T21:00:00Z,Asia/Makassar,2018-12-06T07:52:28Z,2018-12-06T20:28:51Z,night,Time Series
Heron Island,TS- 022,-23.441562,151.916776,10/10/2011,9:07,1.411722222,10.61345667,19.50276059,373.3091477,37.18,23.6,105.6,2299.299482,2067.665,1.032327386,0.360905466,464.1720276,2.817661023,11.23050584,7.129962433,55.93867396,2039.625977,12.05820767,28.03902344,1.934499262,8.92,0.569770181,0.462557205,7.999650478,2018-12-06T22:00:00Z,Asia/Makassar,2018-12-06T07:52:28Z,2018-12-06T20:28:51Z,night,Time Series
Heron Island,TS- 023,-23.441562,151.916776,10/10/2011,10:08,0.951222222,11.80275995,19.75010266,352.2920314,37.135,23.9,115.5,2300.549901,2004.62,1.038988484,0.362413193,339.4795532,3.508213263,9.847181778,7.084009624,81.74969923,2037.248535,11.95154619,-32.62853516,-1.808281963,9.7,0.580557876,0.458430608,8.11163044,2018-12-06T23:00:00Z,Asia/Makassar,2018-12-06T07:52:28Z,2018-12-06T20:28:51Z,night,Time Series
Heron Island,TS- 024,-23.441562,151.916776,10/10/2011,11:11,0.519277778,12.00963785,11.07046608,399.3565354,37.05,25,102.9,2332.228393,2126.085,1.710238671,0.420136243,586.4377441,2.582490658,11.96361628,6.942346534,48.3641708,2053.710205,11.6077091,72.37479492,5.41028813,8.49,1.015849558,0.694389114,7.916853905,2018-12-07T00:00:00Z,Asia/Makassar,2018-12-07T07:52:48Z,2018-12-07T20:29:22Z,night,Time Series
Heron Island,TS- 025,-23.441562,151.916776,10/10/2011,11:56,0.304833333,10.40519302,16.88293269,390.4173349,36.95666667,25.2,127.1,2300.384438,2008.35,1.175387493,0.380383242,366.1171265,3.490491411,9.892347767,6.919881024,109.691218,2026.092285,11.55116496,-17.74228516,-0.978465824,10.43,0.685421977,0.489965517,8.083255768,2018-12-07T10:00:00Z,Asia/Makassar,2018-12-07T07:52:48Z,2018-12-07T20:29:22Z,day,Time Series
Heron Island,TS- 026,-23.441562,151.916776,10/10/2011,13:04,0.239611111,12.04011597,18.78980947,349.6807877,36.86666667,26.3,151.2,2271.617482,1959.915,1.369894408,0.380896579,337.8674011,3.717746551,9.464948456,6.793774239,167.382055,1994.10022,11.24112409,-34.18521973,-1.746099915,12.15,0.784681617,0.585212791,8.106323242,2018-12-07T11:00:00Z,Asia/Makassar,2018-12-07T07:52:48Z,2018-12-07T20:29:22Z,day,Time Series
Heron Island,TS- 027,-23.441562,151.916776,10/10/2011,14:16,0.196277778,14.23106795,16.09456704,339.7179915,36.85923077,25.7,163.6,2252.730419,1880.415,1.574674977,0.367995337,229.7919159,4.454198083,8.650926853,6.941914152,207.1276828,1993.785645,11.52956226,-113.3706445,-4.906061975,13.57,0.8481798,0.726495177,8.246461868,2018-12-07T12:00:00Z,Asia/Makassar,2018-12-07T07:52:48Z,2018-12-07T20:29:22Z,day,Time Series
Heron Island,TS- 028,-23.441562,151.916776,10/10/2011,14:50,0.195666667,19.8685381,35.52875133,348.0527236,36.91769231,26.1,157.9,2246.922631,1883.8,1.687685179,0.402566534,240.507019,4.369461745,8.750054521,6.904413616,182.3620745,1987.225342,11.42938936,-103.4253418,-4.557267841,12.74,0.83030978,0.857375399,8.230964661,2018-12-07T13:00:00Z,Asia/Makassar,2018-12-07T07:52:48Z,2018-12-07T20:29:22Z,day,Time Series
Cook Islands,WC 1,-21.264666,-159.734647,17/3/2012,7:00,0.754189762,163.3678349,23.52809233,664.7702987,34.9,26.18,,2293.522461,2105.024902,2.335714286,0.903225806,742.4295654,2.28687728,12.08896015,6.624670019,-36.08343808,1986.086548,10.99804427,118.9383545,9.415139982,5.47,0.607142857,1.728571429,7.80591011,2018-12-07T14:00:00Z,Asia/Makassar,2018-12-07T07:52:48Z,2018-12-07T20:29:22Z,day,Time Series
Cook Islands,WC 2,-21.264666,-159.734647,17/3/2012,9:00,0.61108619,207.0374266,27.31477462,765.0586258,34.5,27.5,96.6,2358.431885,2130.005859,2.814285714,0.738709677,652.8034058,2.751710429,11.19353901,6.495417413,36.39320585,2029.674072,10.67190287,100.3317871,6.744733238,7.66,0.985714286,1.828571429,7.865718365,2018-12-07T15:00:00Z,Asia/Makassar,2018-12-07T07:52:48Z,2018-12-07T20:29:22Z,day,Time Series
Cook Islands,WC 3,-21.264666,-159.734647,17/3/2012,11:24,0.503425119,263.8247804,27.54589849,647.8539672,32.5,28.1,115.3,2496.385986,2251.452881,2.514285714,0.648387097,649.9636841,3.071806547,11.24894716,6.503823573,79.25551335,2147.015381,10.62684028,104.4375,6.640811086,9.04,0.821428571,1.692857143,7.895531178,2018-12-07T16:00:00Z,Asia/Makassar,2018-12-07T07:52:48Z,2018-12-07T20:29:22Z,day,Time Series
Cook Islands,WC 4,-21.264666,-159.734647,17/3/2012,13:12,0.580263929,211.9199694,10.42806663,465.1847382,34.7,28.9,139,2247.281738,1889.580688,2.335714286,0.616129032,335.371521,4.044380323,8.582846296,6.341733743,136.8208205,1927.640991,10.31269576,-38.06030273,-1.666234345,10.72,0.964285714,1.371428571,8.082378387,2018-12-07T17:00:00Z,Asia/Makassar,2018-12-07T07:52:48Z,2018-12-07T20:29:22Z,day,Time Series
Cook Islands,WC 5,-21.264666,-159.734647,17/3/2012,15:40,0.800607738,130.1769534,1.055916433,369.2863866,35.2,29.5,133.8,2183.106689,1784.65918,2.128571429,0.606451613,271.4118347,4.405350809,7.964600806,6.263578652,123.6381671,1868.582397,10.14432477,-83.92321777,-3.26109988,10.22,0.55,1.578571429,8.140162468,2018-12-07T18:00:00Z,Asia/Makassar,2018-12-07T07:52:48Z,2018-12-07T20:29:22Z,day,Time Series
Cook Islands,WC 6,-21.264666,-159.734647,17/3/2012,17:25,0.853099643,126.8885923,11.34527041,378.2765138,33.1,27.9,100.8,2334.484863,1982.638428,1.314285714,0.596774194,344.6046753,4.09784505,8.924564976,6.503445721,58.95482122,2015.185059,10.64537508,-32.54663086,-1.474259889,8.39,0.321428571,0.992857143,8.094425201,2018-12-07T19:00:00Z,Asia/Makassar,2018-12-07T07:52:48Z,2018-12-07T20:29:22Z,day,Time Series
Cook Islands,WC 7,-21.264666,-159.734647,17/3/2012,19:15,0.78846631,130.281762,7.410350287,401.1539547,34.9,26.4,100.2,2246.586426,1907.741821,2.585714286,0.583870968,332.7648315,3.778747167,8.852425518,6.600292977,61.86584446,1946.544556,10.93867522,-38.80273438,-1.838659176,8.58,0.585714286,2,8.087545395,2018-12-07T01:00:00Z,Asia/Makassar,2018-12-07T07:52:48Z,2018-12-07T20:29:22Z,night,Time Series
Cook Islands,WC 8,-21.264666,-159.734647,17/3/2012,21:15,0.628175476,152.0357645,17.27697148,459.7650712,31.9,26.1,93.4,2425.370361,2165.59375,4.057142857,0.703225806,519.975647,3.166906789,10.79818758,6.746964661,27.90735433,2110.925293,11.19143884,54.66845703,3.356751934,7.64,0.914285714,3.142857143,7.969121933,2018-12-07T02:00:00Z,Asia/Makassar,2018-12-07T07:52:48Z,2018-12-07T20:29:22Z,night,Time Series
Cook Islands,WC 9,-21.264666,-159.734647,17/3/2012,23:25,0.523343929,205.2030101,24.74457224,566.0005378,33.8,25.9,87.9,2440.218506,2186.547852,3.078571429,0.722580645,565.0211182,3.04340336,10.90220992,6.697494393,14.76580021,2113.654785,11.13749102,72.89306641,4.594803632,7.17,0.657142857,2.421428571,7.93439436,2018-12-07T03:00:00Z,Asia/Makassar,2018-12-07T07:52:48Z,2018-12-07T20:29:22Z,night,Time Series
Cook Islands,WC 10,-21.264666,-159.734647,18/3/2012,1:23,0.512950595,222.146651,22.74470021,683.6366147,31.9,25.3,81.5,2607.839844,2393.364502,3.307142857,0.651612903,727.6535645,2.76155354,12.41267036,6.839505208,-3.422037749,2266.247803,11.41765245,127.1166992,9.352586756,6.73,1.742857143,1.564285714,7.872551441,2018-12-07T04:00:00Z,Asia/Makassar,2018-12-07T07:52:48Z,2018-12-07T20:29:22Z,night,Time Series
Cook Islands,WC 11,-21.264666,-159.734647,18/3/2012,3:31,0.631210595,196.3163767,7.339006317,715.7310865,32.3,24.5,86.7,2563.526367,2348.763916,2.257142857,0.638709677,689.1361694,2.717627161,12.29086966,6.918624612,10.35548088,2235.211914,11.62762475,113.552002,8.404917434,7.25,0.55,1.707142857,7.88488245,2018-12-07T05:00:00Z,Asia/Makassar,2018-12-07T07:52:48Z,2018-12-07T20:29:22Z,night,Time Series
Cook Islands,WC 12,-21.264666,-159.734647,18/3/2012,5:30,0.7893125,160.4365935,8.437498371,704.4724429,33.3,24.9,89.8,2478.224365,2278.0896,1.928571429,0.574193548,729.3123779,2.511341338,12.39852658,6.831949394,19.62658143,2156.376221,11.45001273,121.7133789,9.426578222,7.46,0.892857143,1.035714286,7.847290516,2018-12-07T06:00:00Z,Asia/Makassar,2018-12-07T07:52:48Z,2018-12-07T20:29:22Z,night,Time Series
Cook Islands,WC 13,-21.264666,-159.734647,18/3/2012,7:40,0.810829286,146.6288123,3.616041565,712.965786,33.7,25.3,88.8,2504.700195,2310.215332,2.514285714,0.709677419,786.5042725,2.463370441,12.59973445,6.769906052,17.50293587,2171.78418,11.31152099,138.4311523,10.92987875,7.33,0.714285714,1.8,7.821716785,2018-12-07T07:00:00Z,Asia/Makassar,2018-12-07T07:52:48Z,2018-12-07T20:29:22Z,night,Time Series
Cook Islands,WC 14,-21.264666,-159.734647,18/3/2012,9:30,0.701818452,148.0843095,9.831051024,709.1135009,33.1,25.5,97.5,2464.359619,2258.549072,2.071428571,0.651612903,713.4508057,2.577318887,12.19453743,6.769894365,39.06580109,2140.903076,11.28996592,117.6459961,8.847122756,8.02,0.7,1.371428571,7.854101181,2018-12-07T08:00:00Z,Asia/Makassar,2018-12-07T07:52:48Z,2018-12-07T20:29:22Z,day,Time Series
Cook Islands,WC 15,-21.264666,-159.734647,18/3/2012,11:30,0.585463929,168.6376138,16.8281034,645.1672503,33.5,26.8,106.4,2470.359619,2215.346436,2.728571429,0.674193548,590.7202148,3.102889296,10.9445171,6.608200728,65.68122724,2131.788086,10.91011577,83.55834961,5.201949978,8.71,0.778571429,1.95,7.923489094,2018-12-07T09:00:00Z,Asia/Makassar,2018-12-07T07:52:48Z,2018-12-07T20:29:22Z,day,Time Series
Lizard Island,LI_WTS_ TR_1,-14.663874,145.451558,17/9/2017,01:40,,,,,33.1,23,96.9,2381.081782,2239.873,1.9059,0.472,890.1347656,1.867701663,14.11071849,7.070146901,40.62040935,2094.443848,12.03759421,145.429318,14.75010857,8.37,1.218,0.6879,7.755,,,,,night,Transect
Lizard Island,LI_WTS_ TR_2,-14.663874,145.451558,17/9/2017,1:45,,,,,31.9,22.5,95.7,2406.155071,2274.105,1.8169,0.407,914.9082031,1.805462176,14.63247625,7.183036204,36.78011864,2125.918945,12.2752948,148.1858816,15.80162516,8.36,1.238,0.5789,7.752,,,,,night,Transect
Lizard Island,LI_WTS_ TR_3,-14.663874,145.451558,17/9/2017,01:50,,,,,33,22.4,96.6,2425.218731,2274.964,1.8089,0.357,844.2049561,1.965924188,13.94490352,7.150117455,40.30882954,2136.536865,12.23623192,138.4275455,13.58848852,8.44,1.288,0.5209,7.783,,,,,night,Transect
Lizard Island,LI_WTS_ TR_4,-14.663874,145.451558,17/9/2017,1:55,,,,,33.4,22.4,96.4,2444.282391,2285.456,1.6829,0.348,819.2307739,2.049022036,13.67245908,7.133539873,40.20187898,2150.045654,12.21025763,135.4108017,12.79729264,8.42,1.228,0.4549,7.796,,,,,night,Transect
Lizard Island,LI_WTS_ TR_5,-14.663874,145.451558,17/9/2017,02:00,,,,,34,22.6,95.7,2379.692981,2195.832,1.7109,0.381,691.0003662,2.250157219,12.6358472,7.083488051,38.6409984,2091.808838,12.10717751,104.0232982,8.807983731,8.32,1.218,0.4929,7.849,,,,,night,Transect
Lizard Island,LI_WTS_ TR_6,-14.663874,145.451558,17/9/2017,2:05,,,,,34.2,23.3,96.3,2363.915552,2140.313,1.8069,0.349,566.0564575,2.638631829,11.44322049,6.988341958,40.36431381,2071.910889,11.8743427,68.40224572,4.929527971,8.28,1.238,0.5689,7.921,,,,,night,Transect
Lizard Island,LI_WTS_ TR_7,-14.663874,145.451558,17/9/2017,02:10,,,,,33.6,23.7,97.9,2347.165414,2114.273,1.8359,0.371,531.9542236,2.747727594,11.17925684,6.963537253,43.63946085,2058.092285,11.78881189,56.18051603,3.888959106,8.36,1.278,0.5579,7.943,,,,,night,Transect
Lizard Island,LI_WTS_ TR_8,-14.663874,145.451558,17/9/2017,2:15,,,,,33.7,23.8,97.8,2328.081441,2122.161,1.7589,0.434,610.5495605,2.467222415,11.82085046,6.947390986,42.89403168,2040.993408,11.75218487,81.16733858,6.186043882,8.32,1.188,0.5709,7.888,,,,,night,Transect
Lizard Island,LI_WTS_ TR_9,-14.663874,145.451558,17/9/2017,12:35,,,,,33,30.1,105.2,2551.587998,2352.630337,1.7389,0.39,936.3563232,2.645883289,12.46016375,6.279407501,55.3310156,2169.515625,10.11531678,183.1147116,13.56353523,8.05,1.098,0.6409,7.766,,,,,day,Transect
Lizard Island,LI_WTS_ TR_10,-14.663874,145.451558,17/9/2017,12:40,,,,,32.5,26.9,104.3,2337.573998,2029.52795,1.9969,0.36,399.9260559,3.632155311,9.611508622,6.634350852,54.23903587,2029.734009,10.9393469,-0.206058962,-0.00202143,8.37,1.458,0.5389,8.047,,,,,day,Transect
Lizard Island,LI_WTS_ TR_11,-14.663874,145.451558,17/9/2017,12:45,,,,,34,27.2,104.1,2414.393293,2100.822843,1.8809,0.414,439.2571716,3.679650971,9.665423261,6.545995057,55.75015447,2080.48877,10.77689359,20.33407315,1.057676193,8.33,1.198,0.6829,8.019,,,,,day,Transect
Lizard Island,LI_WTS_ TR_12,-14.663874,145.451558,17/9/2017,12:50,,,,,33.9,27.4,104.4,2336.639417,2026.443561,1.8389,0.422,418.8139038,3.607256511,9.522400671,6.528021501,61.6243281,2016.748047,10.7303769,9.695513971,0.504700633,8.5,1.268,0.5709,8.024,,,,,day,Transect
Lizard Island,LI_WTS_ TR_13,-14.663874,145.451558,17/9/2017,12:55,,,,,34.2,26,104.6,2326.596381,2021.640004,1.8899,0.385,405.7906494,3.501584075,9.594885195,6.671090471,59.02842277,2018.790039,11.08699638,2.849965173,0.160502606,8.56,1.308,0.5819,8.034,,,,,day,Transect
Lizard Island,LI_WTS_ TR_14,-14.663874,145.451558,17/9/2017,13:00,,,,,34.3,26,104.4,2337.465419,2024.168192,1.9949,0.375,395.0397644,3.5903376,9.483824767,6.667319953,60.08375146,2027.050415,11.0812803,-2.882223114,-0.137414391,8.59,1.378,0.6169,8.045,,,,,day,Transect
Lizard Island,LI_WTS_ TR_15,-14.663874,145.451558,17/9/2017,13:05,,,,,34.3,25.7,103.7,2331.318613,2021.640004,1.8799,0.371,394.9239197,3.5419332,9.531283243,6.701192628,58.71273038,2024.594727,11.16415539,-2.954722327,-0.141674777,8.58,1.238,0.6419,8.044,,,,,day,Transect
Lizard Island,LI_WTS_ TR_16,-14.663874,145.451558,17/9/2017,13:10,,,,,34.3,25.8,103.9,2336.950624,2018.879223,1.8429,0.408,383.0613098,3.635374934,9.409687253,6.689865747,58.12919541,2028.289917,11.13640977,-9.410693714,-0.471590845,8.55,1.238,0.6049,8.056,,,,,day,Transect
One Tree,OTI_BT1_-0.5,-23.506643,152.091408,16/11/2017,1240,,,,,35,25.2,88.9,2231.363427,2104.283323,35.7709,1.15,1240.90625,1.366251153,14.83105065,6.731525523,18.70232741,1942.799805,11.26370824,161.4835181,23.67930734,7.33,1.618,34.1529,7.590,,,,,day,Transect
One Tree,OTI_BT1_0,-23.506643,152.091408,16/11/2017,1247,,,,,35.4,25.9,74.9,2212.82994,2118.254216,19.6509,1.29,1433.447632,1.24913399,15.33555666,6.637139968,-17.41062401,1919.825562,11.04589096,198.4286543,28.53837368,6.08,1.798,17.8529,7.532,,,,,day,Transect
One Tree,OTI_BT1_0.5,-23.506643,152.091408,16/11/2017,1255,,,,,35.9,28.1,146.6,2279.314183,2122.274853,9.1109,0.628,1009.273682,1.928028144,13.01787259,6.381845062,158.0673418,1953.168091,10.44555178,169.1067624,15.91049949,11.44,1.988,7.1229,7.683,,,,,day,Transect
One Tree,OTI_BT1_1,-23.506643,152.091408,16/11/2017,1258,,,,,35.6,27.6,145.5,2264.795258,2090.972968,2.9789,0.46,849.59021,2.139017651,12.35066053,6.444988369,156.7191135,1947.578369,10.58690871,143.3945991,11.89942832,11.46,1.998,0.9809,7.748,,,,,day,Transect
One Tree,OTI_BT1_2,-23.506643,152.091408,16/11/2017,1302,,,,,35.8,27.8,142.1,2268.076361,2084.755344,2.3699,0.405,814.5327148,2.231764769,12.05667577,6.416736184,147.6019943,1947.464355,10.52570081,137.2909885,10.90811823,11.14,1.638,0.7319,7.764,,,,,day,Transect
One Tree,OTI_BT1_4,-23.506643,152.091408,16/11/2017,1307,,,,,35.9,27.4,140.4,2267.961137,2076.325353,2.8559,0.479,767.5261841,2.299198674,11.83355809,6.455357831,145.7700678,1950.088623,10.62162469,126.2367298,9.759313147,11.12,1.908,0.9479,7.786,,,,,day,Transect
One Tree,OTI_BT1_10,-23.506643,152.091408,16/11/2017,1312,,,,,35.9,28,161.5,2268.44203,2051.883169,2.3239,0.426,683.1003418,2.552919081,11.15488444,6.392250055,193.9921858,1945.493896,10.47038053,106.3892722,7.410419906,12.6,1.568,0.7559,7.830,,,,,day,Transect
One Tree,OTI_BT1_20,-23.506643,152.091408,16/11/2017,1318,,,,,35.8,27.5,139.9,2267.078245,2108.482465,2.1339,0.403,931.2209473,1.996069954,12.80705929,6.448363773,143.1761321,1949.175903,10.60153762,159.3065614,14.07939749,11.03,1.528,0.6059,7.713,,,,,day,Transect
One Tree,OTI_BT2_-0.5,-23.506643,152.091408,16/11/2017,0:30,,,,,36.6,23.7,89.0,2248.485734,2211.111615,31.9909,1.04,2307.861084,0.780159862,16.34155027,6.844476217,21.42261823,1960.438477,11.60432286,250.6731384,55.34858787,7.53,1.438,30.5529,7.338,,,,,night,Transect
One Tree,OTI_BT2_0,-23.506643,152.091408,16/11/2017,0:38,,,,,35.3,23.8,55.0,2244.774662,2240.272687,30.0109,1.17,2843.026123,0.639061599,16.07119501,6.883829992,-70.11968725,1963.375366,11.65381527,276.8973203,71.17643864,4.64,1.658,28.3529,7.254,,,,,night,Transect
One Tree,OTI_BT2_0.5,-23.506643,152.091408,16/11/2017,0:43,,,,,36.5,23.3,49.6,2344.203739,2220.501098,5.8409,0.653,1083.36145,1.615210112,14.41814689,6.896287899,-83.00899685,2042.830933,11.73115442,177.670165,20.04154863,4.24,1.688,4.1529,7.664,,,,,night,Transect
One Tree,OTI_BT2_1,-23.506643,152.091408,16/11/2017,0:47,,,,,36.5,23.3,70.5,2282.261929,2139.754982,3.8509,0.463,909.1677246,1.769955775,13.55157015,6.896287899,-27.38399685,1992.393066,11.73115442,147.3619156,14.932815,6.02,1.888,1.9629,7.722,,,,,night,Transect
One Tree,OTI_BT2_2,-23.506643,152.091408,16/11/2017,0:52,,,,,36.4,23.2,71.0,2278.973266,2129.987091,3.7009,0.439,865.0244141,1.826806649,13.33252127,6.912342941,-26.32321691,1991.081055,11.76788472,138.9060366,13.68088441,6.07,1.828,1.8729,7.740,,,,,night,Transect
One Tree,OTI_BT2_4,-23.506643,152.091408,16/11/2017,0:57,,,,,36.5,23.5,65.2,2272.012406,2118.973405,3.3109,0.457,848.5480347,1.866581892,13.14457462,6.872270953,-41.63346729,1982.375244,11.6705209,136.5981609,13.08697322,5.54,1.918,1.3929,7.747,,,,,night,Transect
One Tree,OTI_BT2_10,-23.506643,152.091408,16/11/2017,1:02,,,,,36.6,23.5,84.1,2267.581115,2095.093552,3.3309,0.558,752.5070801,2.039293309,12.49666644,6.868315805,8.8026311,1978.121948,11.6643766,116.9716037,10.27943926,7.15,2.088,1.2429,7.791,,,,,night,Transect
One Tree,OTI_BT2_20,-23.506643,152.091408,16/11/2017,1:07,,,,,36.6,23.5,86.2,2268.855766,2100.128,2.5399,0.373,768.5966187,2.009889433,12.60761202,6.868315805,14.4276311,1979.334717,11.6643766,120.7932832,10.74862338,7.33,1.708,0.8319,7.784,,,,,night,Transect
Lord Howe Island,LHI_LTS_-0.5,-31.531084,159.066768,15/7/2018,16:02,,,,,32.9,17.6,93.1,2363.217436,2127.958248,6.722,0.7504,408.4202576,2.693212895,11.32595836,7.821651115,33.07340267,2124.032471,13.98616436,3.9257776,0.294418536,8.88,1.838,4.884,8.046,,,,,day,Transect
Lord Howe Island,LHI_LTS_0,-31.531084,159.066768,15/7/2018,16:11,,,,,34.5,17.9,98.9,2363.655949,2076.736139,2.807,0.5974,331.5866089,3.169525748,10.12148527,7.702304286,51.80299107,2114.14624,13.74429541,-37.4101012,-2.350734723,9.36,1.413,1.394,8.116,,,,,day,Transect
Lord Howe Island,LHI_LTS_0.5,-31.531084,159.066768,15/7/2018,16:18,,,,,34.7,18,99.9,2364.383482,2086.652058,2.644,0.5474,350.319458,3.07351794,10.29374462,7.678368529,55.98848347,2112.98877,13.68986453,-26.33671148,-1.700299281,9.47,1.420,1.224,8.096,,,,,day,Transect
Lord Howe Island,LHI_LTS_1,-31.531084,159.066768,15/7/2018,16:27,,,,,34.8,18,100.2,2362.440071,2102.195109,3.372,0.6514,382.9085388,2.894445306,10.65179436,7.673769385,61.13220673,2110.750488,13.6823567,-8.555379258,-0.584628579,9.63,2.208,1.164,8.063,,,,,day,Transect
Lord Howe Island,LHI_LTS_2,-31.531084,159.066768,15/7/2018,16:36,,,,,34.4,18.1,103,2355.433826,2071.899847,1.777,0.5184,336.5361633,3.138834745,10.16362883,7.6774939,63.51581562,2106.203613,13.67316697,-34.30376603,-2.169378302,9.71,1.320,0.457,8.110,,,,,day,Transect
Lord Howe Island,LHI_LTS_4,-31.531084,159.066768,15/7/2018,16:44,,,,,34.2,17.9,101.5,2359.928587,2073.390277,3.026,0.6824,328.6214294,3.172916984,10.13007499,7.716171423,60.43214303,2112.44165,13.76694897,-39.0513736,-2.456662036,9.65,1.968,1.058,8.120,,,,,day,Transect
Lord Howe Island,LHI_LTS_10,-31.531084,159.066768,15/7/2018,16:53,,,,,35.4,18.1,109.3,2331.634519,2041.280138,2.391,0.6834,327.7634583,3.15702689,9.938524573,7.631664707,90.8854779,2080.996094,13.5984147,-39.71595552,-2.455756044,10.54,1.698,0.693,8.112,,,,,day,Transect
Lord Howe Island,LHI_LTS_20,-31.531084,159.066768,15/7/2018,17:01,,,,,34.6,18,112.6,2330.010026,2029.883929,2.384,0.6784,304.2371826,3.280538171,9.785124319,7.68297043,92.71967407,2084.440186,13.69737677,-54.5562569,-3.279248585,10.65,1.708,0.676,8.141,,,,,day,Transect
Nusa Penida,NP_TR_1_-0.5,-8.676382,115.514758,7/12/2018,17:49,,,,,,,,,,,,,,,,,,,,,,,,,,,,,day,Transect
Nusa Penida,NP_TR_1_0,-8.676382,115.514758,7/12/2018,17:51,,,,,32.7,30.1,140.2,2232.280859,1837.346984,1.362,0.46085,277.0483704,4.572719581,8.169464608,6.289756089,130.3201222,1917.16272,10.13039549,-79.815736,-3.113871415,10.46,0.177,1.185,8.151,,,,,day,Transect
Nusa Penida,NP_TR_1_0.5,-8.676382,115.514758,7/12/2018,17:53,,,,,32.7,30.1,138,2238.999548,1854.020761,1.879685,0.45085,291.6380615,4.47054605,8.288376167,6.289756089,128.1326222,1922.555908,10.13039549,-68.53514672,-2.744373063,10.39,0.042,1.837685,8.135,,,,,day,Transect
Nusa Penida,NP_TR_1_1,-8.676382,115.514758,7/12/2018,17:54,,,,,32.7,29.6,140.1,2234.500927,1860.787519,1.747685,0.43985,299.3844604,4.331404173,8.408684217,6.340298566,131.2406698,1923.039429,10.24796347,-62.25190931,-2.577760132,10.54,0,1.747685,8.126,,,,,day,Transect
Nusa Penida,NP_TR_1_2,-8.676382,115.514758,7/12/2018,17:55,,,,,32.6,29.7,144.4,2233.902233,1861.050896,1.962685,0.41985,300.6981812,4.330136757,8.418447035,6.333615002,141.1370312,1922.323486,10.22934737,-61.27259012,-2.539481077,10.85,0.035,1.927685,8.125,,,,,day,Transect
Nusa Penida,NP_TR_1_4,-8.676382,115.514758,7/12/2018,17:56,,,,,32.7,29.8,142,2225.992375,1865.031938,1.666685,0.42485,317.0258484,4.193623721,8.534879876,6.319990855,137.8127858,1914.594604,10.20063668,-49.56266657,-2.115972938,10.73,0.0755,1.591185,8.105,,,,,day,Transect
Nusa Penida,NP_TR_1_10,-8.676382,115.514758,7/12/2018,17:57,,,,,32.8,29.7,144.4,2225.691715,1874.148827,1.370685,0.42985,330.5709839,4.084327033,8.649030927,6.326645909,141.3548153,1914.601318,10.21915445,-40.45249103,-1.773763975,10.85,0.116,1.254685,8.090,,,,,day,Transect
Nusa Penida,NP_TR_1_20,-8.676382,115.514758,7/12/2018,17:58,,,,,32.9,29.9,144,2218.798994,1885.372731,1.193685,0.42185,361.0515747,3.886031492,8.865992348,6.302949502,142.4078281,1906.895142,10.1670023,-21.52241041,-0.989970875,10.86,0.104,1.089685,8.058,,,,,day,Transect
Nusa Penida,NP_TR_2_-0.5,-8.676382,115.514758,8/12/2018,6:10,,,,,27,27.2,59.3,2966.00043,2912.967727,,0.62085,2184.233398,1.469516693,18.19145835,6.807923274,-66.49760232,2568.550293,11.16877905,344.4174339,49.81927183,4.68,0,,7.512,,,,,night,Transect
Nusa Penida,NP_TR_2_0,-8.676382,115.514758,8/12/2018,6:15,,,,,28.9,27.6,33.4,2901.410575,2905.431098,6.877685,0.40285,3185.005127,1.051805608,17.90393332,6.690889384,-127.5277933,2499.636719,10.95374745,405.7943795,76.26561191,2.61,0,6.877685,7.342,,,,,night,Transect
Nusa Penida,NP_TR_2_0.5,-8.676382,115.514758,8/12/2018,6:16,,,,,29.1,27.7,32,2862.990619,2871.779646,6.367685,0.45785,3264.187988,1.009745527,17.76508715,6.672289994,-130.6965623,2466.458496,10.91612083,405.3211504,78.16456035,2.49,0,6.367685,7.326,,,,,night,Transect
Nusa Penida,NP_TR_2_1,-8.676382,115.514758,8/12/2018,6:17,,,,,29.4,27.7,30.8,2837.483052,2838.695468,4.777685,0.37185,3102.009277,1.043565588,17.78996701,6.66112069,-133.1600216,2444.102539,10.89949916,394.5929287,73.62636942,2.4,0,4.777685,7.342,,,,,night,Transect
Nusa Penida,NP_TR_2_2,-8.676382,115.514758,8/12/2018,6:19,,,,,29.5,27.8,35.2,2808.129372,2813.968438,4.137685,0.38785,3180.046387,1.005922973,17.68330169,6.64634674,-122.0733356,2418.92041,10.86765791,395.0480275,75.53148043,2.74,0,4.137685,7.327,,,,,night,Transect
Nusa Penida,NP_TR_2_4,-8.676382,115.514758,8/12/2018,6:22,,,,,29.5,27.5,39.7,2826.481087,2846.78924,5.100685,0.69385,3471.467041,0.928214411,17.4931133,6.679615035,-111.8629699,2436.351563,10.94691861,410.4376771,84.05774951,3.1,0.053,5.047685,7.293,,,,,night,Transect
Nusa Penida,NP_TR_2_10,-8.676382,115.514758,8/12/2018,6:24,,,,,30.6,27.8,34.6,2665.7009,2635.398964,3.128685,0.44985,2437.545166,1.171190789,17.50530289,6.6056721,-122.6772531,2297.586914,10.80716056,337.8120496,55.0501991,2.68,0.061,3.067685,7.412,,,,,night,Transect
Nusa Penida,NP_TR_2_20,-8.676382,115.514758,8/12/2018,6:25,,,,,31.4,28,35.7,2509.655815,2501.573157,2.208685,0.49585,2724.2854,0.963078074,17.2156748,6.554571769,-118.2678678,2165.422607,10.71179006,336.1505495,62.24314367,2.77,0.061,2.147685,7.339,,,,,night,Transect
Heron Island,BT1- 1,-23.506643,152.091408,10/10/2011,13:50,,,,,33.3,25.3,92.8,2280.768812,1986.2766,8.560074821,0.46049621,293.9836121,3.760842918,10.02849864,6.784355879,27.98887877,1991.996948,11.33356348,-5.720348242,-2.560285903,7.68,0.65450106,7.905573761,8.194,,,,,day,Transect
Heron Island,BT1- 2,-23.506643,152.091408,10/10/2011,13:55,,,,,33.4,25,99.2,2254.120672,1955.0685,5.260475344,0.356479139,319.9579773,3.601921511,9.704816713,6.817228722,43.21160244,1972.411499,11.41647901,-17.34299902,-2.043882403,8.2,0.348119114,4.91235623,8.132,,,,,day,Transect
Heron Island,BT1- 3,-23.506643,152.091408,10/10/2011,13:58,,,,,33.3,25.7,123.9,2303.732882,1931.083,6.355401344,0.342241282,243.247818,4.481979067,8.758125025,6.739288696,109.0847283,2007.729858,11.22205927,-76.6468584,-4.21897911,10.23,0.758130038,5.597271306,8.234,,,,,day,Transect
Heron Island,BT1- 4,-23.506643,152.091408,10/10/2011,14:00,,,,,33.2,25.8,139.4,2317.549142,1910.2468,5.709596122,0.330528142,211.3363037,4.896213072,8.413466447,6.732913716,141.7839464,2018.906128,11.20177677,-108.6593279,-5.12855814,11.27,0.750369466,4.959226656,8.284,,,,,day,Transect
Heron Island,BT1- 5,-23.506643,152.091408,10/10/2011,14:10,,,,,33.0,26.3,155.9,2360.010497,1866.0334,3.121934503,0.265421423,155.0196686,5.953864463,7.794207381,6.682483113,184.2974027,2050.231934,11.07310665,-184.1985336,-6.669936604,12.58,0.610593502,2.511341001,8.391,,,,,day,Transect
Heron Island,BT1- 6,-23.506643,152.091408,10/10/2011,13:28,,,,,31.5,26.8,197.5,2392.99188,1824.7075,1.85493371,0.165556254,115.1981354,6.984591701,7.493942009,6.684385852,281.1129421,2081.653564,11.02464689,-256.9460645,-7.767255111,15.68,1.038995624,0.815938087,8.496,,,,,day,Transect
Heron Island,BT1 (TS- 027),-23.506643,152.091408,10/10/2011,14:16,,,,,34.3,25.7,163.6,2252.73,1880.415,1.574674977,0.367995337,238.1491852,4.394582468,8.614517967,6.701394579,214.6439194,1960.713623,11.16446235,-80.29862305,-4.343361522,13.57,0.8481798,0.726495177,8.228,,,,,day,Transect
Heron Island,BT2- 1,-23.506643,152.091408,11/10/2011,1:40,,,,,33.9,22.3,74,2384.133101,2167.4114,7.260054117,0.47494715,569.4071655,2.571146756,11.71590004,7.124146945,-22.31709203,2098.248779,12.207978,69.1626207,5.170297269,6.41,0.292231575,6.967822542,7.923,,,,,night,Transect
Heron Island,BT2- 2,-23.506643,152.091408,11/10/2011,1:42,,,,,33.9,22.3,74,2336.027769,2118.27,6.918353359,0.494618639,545.3525391,2.557613998,11.5488284,7.124146945,-22.31709203,2058.515381,12.20797801,59.75461914,4.436152207,6.41,0.61878244,6.29957092,7.931,,,,,night,Transect
Heron Island,BT2- 3,-23.506643,152.091408,11/10/2011,1:48,,,,,34.8,22.3,80.5,2302.616741,2040.5693,5.262081718,0.36407912,429.3727417,2.956968084,10.36896838,7.088733401,-3.085418782,2026.483643,12.15240819,14.08565742,0.892374507,6.99,0.422112275,4.839969443,8.011,,,,,night,Transect
Heron Island,BT2- 4,-23.506643,152.091408,11/10/2011,1:52,,,,,34.7,22.3,77.8,2322.414177,2077.4831,5.310629913,0.367020319,475.7818298,2.799465424,10.80337934,7.091951252,-10.99847663,2043.233521,12.15745858,34.24957949,2.30328672,6.74,0.756609337,4.554020576,7.977,,,,,night,Transect
Heron Island,BT2- 5,-23.506643,152.091408,11/10/2011,1:55,,,,,34.7,22.3,80.9,2415.196327,2138.2515,3.195470739,0.313765567,437.2117615,3.171375337,10.37654245,7.091951252,-2.248476626,2119.689941,12.15745854,18.56155859,1.1310019,7.02,0.67734013,2.518130609,8.022,,,,,night,Transect
Heron Island,BT2- 6,-23.506643,152.091408,11/10/2011,1:40,,,,,34.0,22.3,74.5,2483.435675,2177.1211,1.356500817,0.204505349,395.0639648,3.538790922,10.02978366,7.120925985,-20.65393704,2179.810547,12.20292446,-2.689446875,-0.150584582,6.46,0.653294495,0.703206323,8.071,,,,,night,Transect
Heron Island,BT2 (LT4-2),-23.506643,152.091408,11/10/2011,1:45,,,,,34.7,22.3,85.5,2468.435675,2155.5534,1.608987128,0.407377057,385.9605408,3.568532595,9.859733577,7.091951252,10.56402337,2163.322998,12.15745846,-7.769598047,-0.42670989,7.43,0.72837285,0.880614277,8.075,,,,,night,Transect
Cook Islands,T1,###############################################################################################################################################################################################################################################################,-159.734647,19/2/2011,16:15,,,,,33.31953923,27.1,136,2546.021156,2283.000611,92.66967189,1.129988702,607.8954468,3.234184632,10.97753935,6.581931549,113.0646391,2190.498047,10.84066178,92.50256383,5.634309487,10.2,80.38986945,12.27980244,7.925,,,,,day,Transect
Cook Islands,T2,###############################################################################################################################################################################################################################################################,-159.734647,19/2/2011,16:30,,,,,34.90470781,26.3,150.7,2356.941649,2030.047217,155.6393565,1.033132528,388.8293457,3.718880255,9.303792689,6.611176851,177.7757234,2036.202881,10.96532524,-6.155664335,-0.306223799,12.3,143.0739772,12.56537924,8.051,,,,,day,Transect
Cook Islands,T3,###############################################################################################################################################################################################################################################################,-159.734647,19/2/2011,16:10,,,,,36.15383564,25.9,178,2515.052486,2060.875142,149.3566669,0.742564004,266.4942322,5.086212571,8.164745941,6.608892936,224.0970957,2159.798584,11.00299538,-98.92344178,-3.672408269,13.78,137.5766238,11.78004304,8.199,,,,,day,Transect
Cook Islands,T4,###############################################################################################################################################################################################################################################################,-159.734647,19/2/2011,16:35,,,,,37.13057705,25.7,187,2076.718383,1648.050235,54.11680377,0.677993221,191.0397034,4.401702951,7.454295706,6.594577621,250.1694493,1802.211182,11.00195277,-154.1609464,-5.747428489,14.6,45.40671134,8.710092427,8.238,,,,,day,Transect
Cook Islands,T5,###############################################################################################################################################################################################################################################################,-159.734647,19/2/2011,16:50,,,,,37.20051839,23.8,170,2174.604171,1782.732369,46.62041274,0.774849396,233.3679199,4.07947776,8.021277398,6.809085888,199.091066,1896.309937,11.53803848,-113.5775677,-4.806518198,13.18,41.12305933,5.497353417,8.192,,,,,day,Transect
Cook Islands,T6,###############################################################################################################################################################################################################################################################,-159.734647,19/2/2011,17:15,,,,,37.34047072,26.2,156,2279.286909,1834.229109,44.69276934,0.710278613,228.6089935,4.737079445,7.738912519,6.531831357,173.3802701,1960.969482,10.8553791,-126.7403736,-4.651285575,12.08,43.97882734,0.713942002,8.210,,,,,day,Transect
Cook Islands,T7,###############################################################################################################################################################################################################################################################,-159.734647,19/2/2011,18:00,,,,,37.62065405,26.5,119,2276.904628,1871.169513,16.06369505,0.903990962,275.3065796,4.330171922,8.074327645,6.489050756,91.59216387,1954.763672,10.76050571,-83.59415865,-3.354410814,9.42,14.20744584,1.856249206,8.147,,,,,day,Transect
